chrM,884,1149,ed9f8b60-060d-4e81-8db6-c44770dc1118,58,-
chrM,885,1201,4bb490f1-8f22-4d52-b009-1c9d2ad65212,55,-
chr1,56296,83872,47e99309-dde0-4bf9-ad30-66a55084d838,0,-
chr1,100554,101250,a6477f9e-ea25-4771-b2af-f1c1684563e4,0,-
chr1,246868,247567,a6477f9e-ea25-4771-b2af-f1c1684563e4,0,-
chr1,8448183,8448384,3131bc7a-e6a4-42c6-983c-d7ad52bba1ea,24,-
chr1,8540765,8541238,1fe37351-5edf-46ad-91ca-de4bf49e0f3a,1,-
chr1,8859362,8859900,a64bd454-e2db-4dbb-a257-3a6c8501f751,51,+
chr1,9984869,9985175,917b3fc1-d63b-47f0-ba6c-19b160d6a5e7,15,-
chr1,10040621,10071157,d7a8a6e4-6837-41d5-91b4-449788cb2404,60,+
chr1,10260248,10261102,f51891c3-54f2-4533-9018-8e27c4365f8b,38,-
chr1,20427330,20428210,64d1e8ec-c48e-4b2e-9883-b00fab040f19,60,-
chr1,21346997,21347555,b314ee3d-ec90-4ca4-9a52-2de6e9c48fcb,40,-
chr1,22472440,22473119,75f95457-24ed-4fec-8bbb-18bd6d7f2c4a,7,+
chr1,25649061,25649249,11c3f1ab-c0dd-438b-be38-652605e879df,0,+
chr1,25695183,25695383,11c3f1ab-c0dd-438b-be38-652605e879df,1,-
chr1,26416009,26416207,70cdfc17-b9c2-4d63-bb4c-eddb34e39787,7,+
chr1,27999882,28007489,bd7b0651-8365-4d5f-a8e6-04b941ee1849,60,+
chr1,31045291,31063838,e384cd8b-fd52-4b90-a5c0-c50c3ce0d890,60,-
chr1,31605207,31605662,0ceb76d5-fb61-4df0-8c2d-6e529423a716,24,+
chr1,32435005,32435624,5fde5cf4-6f8b-40c2-bd37-5d2d895c17b5,60,-
chr1,35774075,35774420,db96c068-864d-40d6-97fc-fe13c0d82864,49,-
chr1,38701332,38701753,a6c8fb98-6c6f-44f7-802d-a6071a2febb1,60,+
chr1,41171925,41172603,9df8e4ea-cc14-4b58-8fbe-ee96ce876cd2,13,-
chr1,41890596,41890861,b23648ff-9698-4d23-9085-1a514e5bfedc,1,+
chr1,43578368,43578919,7b492c2b-573e-435f-b566-5cde23eb3e5e,60,+
chr1,44059550,44059858,5fa5e26d-516a-415a-adaf-c9d93537a592,60,+
chr1,45249812,45259882,c9b76c86-9789-403b-9a2a-fc09537f6c95,60,-
chr1,46700037,46708019,fd438615-36eb-45ef-ae76-f4486a83ed54,60,+
chr1,50210971,50211370,819eaa2d-4f01-40a9-a267-ff440cbedfe3,21,-
chr1,57501727,57502632,c964f456-de17-4eb7-9a7b-ce72285a7b25,60,+
chr1,68838618,68849655,41539a5e-1032-49d7-8adb-5f0f1432734a,60,-
chr1,70843097,70843409,e87c3e61-4bfc-4f5a-83c7-2588691528aa,60,-
chr1,76164629,76165246,11659da5-f22f-42f3-b2ab-f2b196edde41,26,+
chr1,78654411,78654732,19ef9127-3570-429c-a8b3-7d97fceb6ea6,0,+
chr1,88845187,88873301,17a63234-ad4d-4580-aa83-0c75c79381fa,60,+
chr1,88873401,88875341,37e472be-6830-44d2-a0ea-4cb5d28ee73f,60,+
chr1,99270625,99270855,ca076594-b05d-499d-819d-60004790f064,0,-
chr1,101787417,101789902,0ff5b052-8d2d-471a-807f-eb48dee5c20c,60,-
chr1,101790958,101813625,0fbc4bce-9347-46d2-a16d-3e5c0efe3262,60,-
chr1,110960624,110961298,a2492327-d2f0-483a-b49a-140707d9669f,60,+
chr1,116275677,116279753,0eb2fcad-d2fe-464e-bb65-a11659d517e6,60,-
chr1,116277625,116277876,0eb2fcad-d2fe-464e-bb65-a11659d517e6,7,+
chr1,116279753,116292754,3cf583e0-1f32-4545-bbcb-a309be1342a3,60,-
chr1,117740640,117752995,e32dc75b-4fc8-4d93-85ea-c1c1ba67e83c,60,-
chr1,118498989,118499963,5c6969e4-03c7-47ee-bf4b-7ca821b7604f,60,-
chr1,119808197,119808421,514488a2-eff1-4278-ad5c-93057535affb,45,+
chr1,121484101,121484644,5a4d5ee2-d393-44e4-9c55-0fd0740a3cf7,0,+
chr1,121484254,121485431,30c482da-8eef-4545-9042-58493c0a8632,1,+
chr1,121484777,121485324,5a4d5ee2-d393-44e4-9c55-0fd0740a3cf7,1,+
chr1,121484781,121485428,3c4abb5e-bd33-489c-a4aa-453f3c0762e6,0,-
chr1,121484782,121485113,b82e8704-4e90-407f-ab07-147fdec8d15a,60,+
chr1,121484802,121485434,e72f4061-57e1-42d0-8fc0-c04e40b97820,60,+
chr1,121484809,121485110,fe5e3d29-3a27-4c68-8e30-c44bb636265b,35,+
chr1,121485169,121485417,fe5e3d29-3a27-4c68-8e30-c44bb636265b,0,+
chr1,121485254,121485380,50ab1c83-5034-4a41-aa90-982518759432,16,-
chr1,148841206,148857501,a1bc806c-a725-4991-b38f-fcfd90a459c3,60,+
chr1,148943874,148948820,00fd283b-4898-4e12-b28b-e6157bda2129,60,-
chr1,150449578,150449905,8b705f20-c5f1-48cd-80f8-434bba5e2398,60,-
chr1,151708948,151710110,ba9dbc5b-eb0f-4419-a2f3-b37d99dc08cd,60,+
chr1,153013678,153019116,3c69fd7e-526a-45fb-a404-edef19710a38,60,-
chr1,154114636,154115169,55f90a71-9951-43a9-b5eb-1f677bb46de9,60,-
chr1,154686745,154687123,32a4404c-84b6-4490-add9-f784da890ca5,1,+
chr1,155390522,155391113,e1fbc726-a37e-411a-b837-fdb0f07bfd0c,60,+
chr1,156186230,156186656,8c0f3784-4d21-4bd4-a2fe-a3d154cafb5f,60,+
chr1,160652527,160662163,31c303a6-b1e5-4c85-9c06-faadbb370008,60,-
chr1,171412336,171419883,7fa09bb7-503a-4b3a-9898-a1f7dfe832ed,60,+
chr1,172775596,172775859,e6a7c1ec-e47c-4938-b41d-051583742216,0,-
chr1,174294496,174323223,40864b4e-c79f-42a1-9b01-4693359256b9,60,-
chr1,177396222,177411597,c22fe02c-6c27-4d7f-b0ee-fcc074dc916e,60,-
chr1,179095720,179145655,59ef3aaa-b731-48de-8c2b-b84fb9643772,60,+
chr1,179429410,179429740,00c84cee-dd78-47ab-9e59-b5e0a44ba390,0,+
chr1,182285613,182285837,8e8838ff-08a0-4dbe-af19-70c877431285,0,+
chr1,185102083,185106996,ea6eb8ed-0967-4a8d-a3ea-ddb4e8e6dd19,60,-
chr1,185503312,185504103,7bac42d7-5450-4916-af78-629d72914700,60,-
chr1,185876273,185887607,75c95a0f-e12d-4185-bd7d-16e4ac8f3aaa,60,+
chr1,189945214,189945676,4679c89d-b625-4791-ae73-27f90790db6c,60,+
chr1,194865422,194866083,3e24b230-ab39-42aa-803c-3b0c40f63bff,60,+
chr1,198848057,198848419,4cc6f458-20d3-4d9d-8669-28347d016070,60,-
chr1,199812262,199812611,0b6f322c-12ec-46a2-90c4-58e3ef57e2bd,60,-
chr1,200942597,200963338,f803172d-f28f-476d-b802-ec99ac366cbf,60,+
chr1,204124453,204124848,df656af3-66f6-46d9-9f33-2448187959ad,60,+
chr1,204514990,204516945,b3242f2a-ac86-442c-b447-ed7b3f43ea20,60,-
chr1,204565420,204567810,aec23f34-5874-4aaa-b9ed-1fdd83b8d5cd,60,+
chr1,205704004,205705669,b61359e5-3793-41cd-8a85-248d416eb69f,60,-
chr1,207998973,208000996,e123d8d6-851a-4c44-8110-9e1db2467bc4,60,+
chr1,211417095,211417443,df631f83-13b0-4a78-bd11-95a6cea6a993,60,+
chr1,222678681,222678975,9c5a8105-2245-4b6e-982f-89ce61bacb3c,1,+
chr1,224067241,224073430,d8111dc9-af71-4172-b1d6-ed9ddad6f158,60,-
chr1,224104241,224104940,a6477f9e-ea25-4771-b2af-f1c1684563e4,0,-
chr1,224503866,224504141,83a26dfe-3621-477e-93dd-315b4d6947bf,60,+
chr1,227834940,227835460,ab24d11e-9d13-4581-9e5d-d09b885f26a4,60,+
chr1,227835482,227836260,1c3b1c9d-46fe-4a77-b1be-3f0904edc2b8,60,+
chr1,231674634,231690690,7e9c3574-a28d-40f2-8dd7-8a9e7efcb244,60,-
chr1,231956671,231956946,c05f18da-6c35-4541-a7f1-8b14d4bb552d,60,-
chr1,233606614,233607305,8b04b672-1a19-424f-89ec-277c640c62e4,0,-
chr1,233617003,233617143,9f7886e8-8089-4ee1-a015-3420475670bc,7,-
chr1,235502258,235502526,60e18b58-beb1-4cb1-85a4-9d3d72a9f2d3,12,-
chr1,240410738,240411357,b563c467-0e31-419a-b095-a7f318e92535,60,+
chr1,241793594,241815040,1dd6f039-f3a7-42e7-a602-9b08ca5da72f,60,-
chr1,243778614,243795760,c06e866d-7bb3-4b7c-a782-d4593eb13f0e,60,+
chr2,604708,605652,7aa5e561-2b9a-4c7e-8378-8d0565e77bda,0,-
chr2,1461675,1480463,efb37889-8e09-4918-a0f0-e6fca56b93f0,60,-
chr2,2314432,2315014,ae711aa7-7b88-4cc3-a822-bf52eaa9a962,60,+
chr2,3599060,3609479,551c7165-84f0-439e-ac08-59dcc935d557,60,-
chr2,4019469,4019755,3714abe1-41ce-41ea-9be0-5744d395f80c,1,+
chr2,5257729,5269373,557c3fd3-abe7-414d-bb68-e302e3c75177,60,-
chr2,9709996,9710565,fe50a144-23fd-4811-85b8-55d93f0417fc,19,+
chr2,14644562,14644892,e41b0106-69c0-41d5-9468-20008281a18d,1,+
chr2,20020588,20044498,7f4d233c-bdcf-4ba5-b909-6ad699a63949,60,+
chr2,29115833,29116440,20f4bb16-554d-4c77-9d06-ac6769eee178,60,-
chr2,37611936,37612211,ca076594-b05d-499d-819d-60004790f064,37,-
chr2,38062850,38063252,8ed9f1e2-cd89-4dda-b11c-a556f5c9ea8f,60,-
chr2,38880444,38885302,b450a72a-fce2-4036-9df1-35f80997e974,60,-
chr2,41070070,41070517,113605ec-8b39-4a4a-bc39-ce6ee559d36f,60,-
chr2,67369901,67387232,ca5bd451-07a6-4ae7-8d58-f8fa19e08679,60,+
chr2,87361566,87362528,dda01ea8-03f7-4f0b-b2d3-7fe31e4b2f7a,20,+
chr2,88009754,88010716,dda01ea8-03f7-4f0b-b2d3-7fe31e4b2f7a,0,+
chr2,88848076,88848684,1b8dd166-aa41-4c54-9ae4-3cccd91d7e83,14,-
chr2,89868049,89874047,cdf4807c-02a0-45dd-9f58-08acc77edc1f,0,+
chr2,91827493,91832431,00fd283b-4898-4e12-b28b-e6157bda2129,0,+
chr2,92290624,92291377,7f10c75f-1f8e-4a21-b91d-d6d7e8bb7c68,0,-
chr2,92291112,92291651,dfea23a6-77f4-469a-a743-f9c2316bc838,6,+
chr2,92293746,92318031,f826367a-d666-4778-a965-dc488cdf4414,0,-
chr2,92298856,92322111,f826367a-d666-4778-a965-dc488cdf4414,0,-
chr2,92301632,92316388,41a8313c-3b8a-4250-ac37-0037ec39aa55,0,+
chr2,92301927,92324827,f826367a-d666-4778-a965-dc488cdf4414,1,-
chr2,92304318,92325845,f826367a-d666-4778-a965-dc488cdf4414,0,-
chr2,92306492,92322166,41a8313c-3b8a-4250-ac37-0037ec39aa55,0,+
chr2,92306701,92326171,f826367a-d666-4778-a965-dc488cdf4414,0,-
chr2,92307039,92326171,f826367a-d666-4778-a965-dc488cdf4414,0,-
chr2,92307170,92322846,41a8313c-3b8a-4250-ac37-0037ec39aa55,1,+
chr2,92309524,92324882,41a8313c-3b8a-4250-ac37-0037ec39aa55,0,+
chr2,92310228,92325562,41a8313c-3b8a-4250-ac37-0037ec39aa55,0,+
chr2,92312358,92326168,41a8313c-3b8a-4250-ac37-0037ec39aa55,0,+
chr2,92323643,92324381,7f10c75f-1f8e-4a21-b91d-d6d7e8bb7c68,0,-
chr2,92324645,92325397,7f10c75f-1f8e-4a21-b91d-d6d7e8bb7c68,0,-
chr2,96759086,96764629,7f7b6d8f-715d-4c51-bfa2-7f669b248fd1,60,+
chr2,97519542,97542440,7db07c77-9ae6-4e0d-a812-5d6cc0e7d322,60,-
chr2,97542442,97549927,dc9087da-0f6c-4d41-820f-8809dde77d44,60,+
chr2,100749712,100750307,41f5bda5-c930-40ea-967c-90394dad3a52,19,-
chr2,108833170,108837343,f56838a9-c3f4-4bec-93f0-96c2ef3ae6c5,60,-
chr2,109043209,109050149,4fc1a0d3-aa21-42c8-8c75-86f74bf3d9db,60,+
chr2,112728239,112728444,9dc517f5-e3af-497a-9744-a3a911192beb,0,-
chr2,112728239,112728414,9dc517f5-e3af-497a-9744-a3a911192beb,0,-
chr2,113938563,113947405,26fb8332-6616-4398-a03c-bb7d901b0723,60,-
chr2,116796266,116797073,e1ca6839-c00c-432d-81b7-e708b80bbd6a,53,+
chr2,121078603,121078906,9dc517f5-e3af-497a-9744-a3a911192beb,0,-
chr2,123952732,123964461,e7745d9c-0af0-4306-903c-7861f8da1446,60,+
chr2,126432793,126433589,e7cc95d4-cafc-4567-84fa-c05a54f2f819,60,+
chr2,126434595,126435817,6abcfe1f-2911-412a-9aa7-74edd0eb2b6c,60,+
chr2,132787667,132787926,1b7ca1d6-7f21-4b6d-9d80-d354a77c7a96,0,-
chr2,133015814,133027560,8c0f3784-4d21-4bd4-a2fe-a3d154cafb5f,1,-
chr2,133026920,133039233,8c0f3784-4d21-4bd4-a2fe-a3d154cafb5f,60,-
chr2,137535215,137543908,5038f276-00d4-4804-8644-f7d78ecf6ac0,60,-
chr2,137535319,137543908,5038f276-00d4-4804-8644-f7d78ecf6ac0,60,+
chr2,138861788,138862129,5259c00f-c01c-498f-9d8f-183827b1fd1e,60,-
chr2,140338852,140343881,53483626-5a04-4588-af93-a54e0a64e277,60,-
chr2,143887171,143896454,f4f4fe9d-6308-40d3-aecc-87e421a5dc0d,60,+
chr2,144317366,144322551,68b9cf34-3df0-46aa-bfef-a0dfb2de8419,60,+
chr2,152238702,152239194,afb54287-dabe-430f-a74c-e0f6b86e0b79,60,+
chr2,153094629,153119101,5b2a6cde-ea8c-4ce5-b68a-7f7988d2580c,60,-
chr2,153094752,153094960,5b2a6cde-ea8c-4ce5-b68a-7f7988d2580c,44,+
chr2,153100023,153100520,5b2a6cde-ea8c-4ce5-b68a-7f7988d2580c,60,+
chr2,153102702,153103758,5b2a6cde-ea8c-4ce5-b68a-7f7988d2580c,10,+
chr2,153106452,153107740,5b2a6cde-ea8c-4ce5-b68a-7f7988d2580c,44,+
chr2,153113988,153117803,5b2a6cde-ea8c-4ce5-b68a-7f7988d2580c,60,+
chr2,162177459,162178285,3cdc0228-9467-4137-846b-d68e01a95940,60,+
chr2,163530971,163575758,d41aded2-20c9-4718-b9c6-4a4e59b93098,60,+
chr2,163994403,163994896,eba3fdbe-eea6-4369-8f16-b41526d64ad3,60,-
chr2,166508622,166509084,0472bdb9-32c7-4d20-9ff7-9969b15bf8da,60,-
chr2,170306568,170307224,c1f6cb96-cc68-40e1-a27b-b8fae81d1046,30,-
chr2,170928695,170940743,2f4a2e5f-6bae-4ecd-b8a0-fa8fd5fd1eb5,60,-
chr2,185873051,185873253,90055773-1240-4394-8042-e6f4305811aa,60,+
chr2,186675438,186675999,2540be7a-7547-432b-9106-7cea1024c879,60,-
chr2,189531853,189532247,d74c9e53-144d-4663-9102-49e25cdc99ca,60,-
chr2,191752737,191788084,46b52f6d-1170-44cc-ab24-d3e1f2c2a27c,60,-
chr2,193899997,193900316,19ef9127-3570-429c-a8b3-7d97fceb6ea6,0,+
chr2,198149585,198153745,9bfe2d43-fb32-460f-9eca-fa6a60d01d89,60,+
chr2,200503939,200518061,ca44bc04-fe26-42e2-b43d-32ded4059a2f,60,+
chr2,201190211,201190662,296d6d27-d68f-40a7-abb8-ddae4752add3,1,+
chr2,202622182,202622980,41066f0e-021e-44de-b539-6aecc9faa83d,60,-
chr2,204055719,204056088,55207b47-e3a4-4e6d-9c44-d29988cd0e0c,60,-
chr2,211241641,211241911,3077b450-d3ca-49a0-bbd2-c86b14a09899,60,+
chr2,215905416,215905682,18ea11a7-09e6-4ef2-a19c-bcc5b1bf06b6,60,+
chr2,216273486,216273877,e2ea298c-160e-442c-9410-384555df9905,60,+
chr2,223618030,223646511,bf574d63-1718-4a2a-ae4d-46acb0678236,60,-
chr2,224219768,224239197,fcedf88c-8fc1-49dd-93d1-6958aa6392d4,60,-
chr2,228866490,228868539,74572336-f9ab-4388-96b5-c01d8bae5092,52,+
chr2,229598323,229598620,43e5fa3a-2ea1-432b-a10d-06ac6daaf9fc,60,+
chr2,232443971,232444277,eb21a649-a1c6-4ea4-887c-651c9669eba5,3,-
chr2,237501955,237502993,c5eddecf-430e-4166-a136-593527e0c0b8,1,+
chr2,237502553,237502993,7aa5e561-2b9a-4c7e-8378-8d0565e77bda,0,+
chr2,242732721,242733234,c5eddecf-430e-4166-a136-593527e0c0b8,0,+
chr2,242732721,242733234,c5eddecf-430e-4166-a136-593527e0c0b8,0,+
chr2,242788127,242788395,4848754d-028a-474d-81c1-d5171f46833d,6,+
chr2,242931970,242932687,85b08fe4-2b69-4cc7-8b41-b1e002dd654b,5,-
chr2,243092501,243093200,a6477f9e-ea25-4771-b2af-f1c1684563e4,0,+
chr2,243185072,243185771,a6477f9e-ea25-4771-b2af-f1c1684563e4,4,-
chr3,955757,955954,25069d67-513c-49a1-bb0f-b191bc90cc3e,60,-
chr3,2750932,2751384,d14b3586-df9f-4a27-82e1-a8c29f2ae997,39,-
chr3,4373231,4374424,a2021828-bc94-4790-ae8f-f1f444e99e26,60,+
chr3,5469475,5534624,b36d2d63-7a12-4713-96dd-8e03941e8ef1,60,-
chr3,6928751,6929014,c21d2fa0-4e9d-4e8f-8a1a-f5dd6e885e26,60,+
chr3,9286211,9299305,63c63eac-4c34-4e3c-9163-6f7d51477caf,60,-
chr3,11937047,11937234,787ef870-4d1a-4340-8a77-fdf01fda007b,10,-
chr3,13605135,13632010,c600a3e5-8b68-4cb7-b91c-d974392abdd3,60,+
chr3,15180317,15180563,8b8b63fe-93e0-4c54-985c-04d335828c0a,0,-
chr3,28301220,28301365,7d72a2e3-f4b5-48e0-a3c4-80d4bad970f4,60,+
chr3,30743786,30744503,8b04b672-1a19-424f-89ec-277c640c62e4,1,+
chr3,32290559,32305850,a747681d-637a-4a56-8952-e769194ce7f0,60,+
chr3,39860336,39860645,f2be4aba-eaa7-4652-a3f8-7b42b04fa383,60,-
chr3,46151901,46152160,e26b3e01-762e-4646-ac87-053d8c7e9197,11,+
chr3,49559193,49560491,45968695-6735-4583-860c-d48ef20064eb,9,-
chr3,49560728,49569095,b85f53f4-1430-46b8-8d9f-e94ca1ec7bfd,60,-
chr3,49569542,49581323,f237adec-b211-48b2-92f5-5faeb059a60f,60,-
chr3,53357900,53358714,673ac5d0-ef7d-4bcb-9ca1-fe4f0ad48ce3,60,+
chr3,54873801,54874519,5fb2ee46-bbcb-4c2c-80b4-55783816b464,60,+
chr3,58879339,58884241,72ee8879-4373-4257-baf5-24e9e9a68e7e,60,+
chr3,59622425,59627737,e2cea5ce-89fd-4e6d-8f03-d5d64520c68c,60,-
chr3,72306785,72338970,475c6b5d-731d-49fa-b8f1-2467b2c42970,60,+
chr3,75594397,75594647,8b8b63fe-93e0-4c54-985c-04d335828c0a,0,+
chr3,83496459,83502479,45a5f809-5c2e-4c40-8b28-67854c9f10d7,60,+
chr3,89098402,89098914,f4a1c0b3-7463-4d40-977f-936bd02dee0c,60,+
chr3,98651015,98653448,769cfc0f-fb63-4847-8158-d29c70f3785a,60,-
chr3,99740365,99740783,52c40168-44f4-4a1a-acf1-0d3978fdedac,60,-
chr3,100748996,100750168,68db7ae5-1ff1-4996-8847-ba1018c9a05d,60,+
chr3,107427398,107428604,060a7607-761b-430a-a5af-c48edd1efd48,60,+
chr3,116707716,116726799,98b94b1a-403b-4a3f-8a32-14ce6382735e,60,+
chr3,119537787,119538256,3e048538-36d9-4ecb-853c-cfebe91283e0,35,+
chr3,134883199,134883557,84259033-eff9-4123-a2f3-97369016417c,16,-
chr3,139052536,139052857,19ef9127-3570-429c-a8b3-7d97fceb6ea6,0,-
chr3,142750313,142750996,c99e57dd-0a83-4307-bb7d-c9e046c81fd4,60,-
chr3,146481138,146482566,0375c8eb-abc7-4101-b4cf-2573415e8938,60,-
chr3,148396042,148416327,1e1a5ff6-d139-44d6-9c03-9fbaa412efda,60,+
chr3,150681070,150685709,db50240d-a2e8-428c-82b2-e31def01dea3,60,-
chr3,150912366,150954649,5399d19c-6c21-4bdf-ab4c-955054fe9245,60,-
chr3,151071884,151072186,737df8b6-11f8-49ec-bcf1-117b95756039,60,+
chr3,151324272,151325389,296646a7-86a2-4cd2-a53d-8073ed70b225,60,-
chr3,153808080,153836077,9be878f5-5d97-4562-afb0-ab275a0b4315,60,+
chr3,161009979,161010266,be222fc5-040a-4fbb-a237-162e47c27652,26,-
chr3,165169256,165171661,84fbac7f-c9df-47ca-927f-0bbefb9b90e2,60,-
chr3,171280232,171280626,8e8838ff-08a0-4dbe-af19-70c877431285,1,-
chr3,171280235,171280601,8e8838ff-08a0-4dbe-af19-70c877431285,0,-
chr3,180620160,180620869,75b5525e-34d9-4c7f-ac61-e38b32cc2f79,60,+
chr3,180756784,180789907,95f7432c-21fe-4419-a51b-89a24fddb09a,60,+
chr3,180790139,180805056,52005187-c5ad-42de-b417-2e5bb216d523,60,+
chr3,180805379,180808630,a32465d4-d273-4f07-93be-165cc07c2a6b,60,+
chr3,185144070,185145578,99858cf2-e532-40ae-bc72-843178fa31b3,55,+
chr3,185195070,185223672,62740c17-6363-486f-af82-8757ffc7c5bc,60,-
chr3,185338533,185338916,cbc2e756-7d89-4ec0-a315-5f4388c97de0,60,-
chr3,193470122,193470220,a88dec53-b061-43eb-9d0f-72e00149441a,43,-
chr3,193674583,193675145,0b49d458-3098-40cb-ba82-84b4960ec25e,60,-
chr3,193852810,193853025,cc5896ea-3b48-4615-a544-ba99edd46873,60,-
chr3,194047251,194047622,74b6395a-4bff-4103-9ed2-041a7dce3842,1,-
chr3,194047251,194048759,2fffa978-3807-4718-9e64-12a7e6fdc04c,1,-
chr3,194047251,194048763,2fffa978-3807-4718-9e64-12a7e6fdc04c,6,-
chr3,194047251,194048246,7aa5e561-2b9a-4c7e-8378-8d0565e77bda,1,-
chr3,194047251,194048765,48c574f9-9d28-4e13-881a-d77e479a5c6a,1,-
chr3,194047273,194048575,2fffa978-3807-4718-9e64-12a7e6fdc04c,0,-
chr3,194047277,194048182,2fffa978-3807-4718-9e64-12a7e6fdc04c,1,-
chr3,194252332,194252673,3f1295db-834d-40d2-8026-82a4e3c9eeb5,39,-
chr3,197046636,197047008,8a3c326a-2707-4416-89eb-69637a79f557,60,+
chr4,6727387,6727790,a120c011-643d-49d6-8272-00bff3abc416,0,-
chr4,7567124,7567570,26b8be09-5a29-483f-9e4f-19880ced0769,1,+
chr4,11142147,11142319,3439d75e-9bbb-4074-8648-659112bf2b95,0,-
chr4,12154119,12171818,9994ab6f-078f-4cc6-a5dc-94c9a8a8087c,60,+
chr4,12171827,12207118,014bf68e-5790-4ae5-8479-aa74741380cf,60,+
chr4,12207271,12216568,7b9acd78-d910-462c-9eac-c54e607948dc,60,+
chr4,19988181,19988567,09e426f6-ebd6-4930-a8b1-34679576f6c0,15,-
chr4,22191582,22191833,79e9399b-0cb2-4f83-a308-62395cf154a5,5,+
chr4,28189994,28193217,e34b8961-ca1c-4ff0-aaad-ffbf2cb147b7,60,-
chr4,29645464,29647297,065fa7e5-6717-4422-8b89-19cf187893ab,60,-
chr4,33164171,33164319,8e8838ff-08a0-4dbe-af19-70c877431285,0,-
chr4,37027987,37028797,03d1ec27-7494-4750-823e-7c9441cd0246,60,+
chr4,38330263,38339418,b4d7dc12-ebd5-4522-99e0-7f4df15e0fe3,60,+
chr4,40562951,40563401,62c0a8fd-0669-4776-841d-963f69f290c3,60,-
chr4,41006595,41006825,5526f14e-e190-4902-a845-011dffe1b102,7,-
chr4,45056724,45065466,6366f0ae-e718-4c14-8e3e-5d87e6f313e0,60,+
chr4,48182931,48222142,934a2a1c-1f74-4a2b-aa76-c22a49bfeb31,60,+
chr4,49095292,49098873,eb0496ed-1312-475d-86a2-2e4225c7621a,0,+
chr4,49100188,49103932,eb0496ed-1312-475d-86a2-2e4225c7621a,0,+
chr4,49100722,49104250,eb0496ed-1312-475d-86a2-2e4225c7621a,0,+
chr4,49102035,49108201,cdf4807c-02a0-45dd-9f58-08acc77edc1f,0,+
chr4,49110149,49116096,cdf4807c-02a0-45dd-9f58-08acc77edc1f,0,+
chr4,49110968,49114767,eb0496ed-1312-475d-86a2-2e4225c7621a,0,+
chr4,49120574,49126918,cdf4807c-02a0-45dd-9f58-08acc77edc1f,1,+
chr4,49121740,49125566,eb0496ed-1312-475d-86a2-2e4225c7621a,1,+
chr4,49156632,49156909,1c6afe79-db36-43b1-9f74-55ee8df1832f,12,+
chr4,49637807,49643894,cdf4807c-02a0-45dd-9f58-08acc77edc1f,0,-
chr4,49638417,49644263,cdf4807c-02a0-45dd-9f58-08acc77edc1f,0,-
chr4,57163746,57165459,0163b50a-98c3-4ce9-a911-8480a3f1eb6a,60,+
chr4,68264214,68264920,edc8cf82-5068-4b14-8a99-f365ccdc03a1,0,-
chr4,71267916,71277435,3cab07cb-24de-42e5-a514-381db65ed0ec,60,-
chr4,73845976,73846891,612d81b5-f1be-45bf-a8d8-b4933919dcac,60,-
chr4,74098148,74108258,7f8a9d06-a1d0-49b7-99c0-1c6eea156850,60,+
chr4,77053681,77054582,c2741d87-039b-4ab2-8df2-c7350d2b5498,60,-
chr4,77868913,77882756,c1faa468-54cc-48f5-b0fa-6209b81aa9ab,60,+
chr4,78886702,78887745,72a53aad-6a6f-405e-bef5-e1be277d6dae,60,-
chr4,84061061,84061941,40569405-d655-4b65-87d3-9393fb19f7c8,60,+
chr4,88069182,88074090,2c2bb131-895f-47f1-949b-3f39398ee3c6,60,+
chr4,99374309,99375218,e829cf05-4534-41c6-8888-de540e938802,60,-
chr4,110273719,110287069,04e6683c-debd-4d17-90b3-5d7b63500897,60,+
chr4,110452458,110452818,5cb38b11-9459-4f34-be6f-d60c38283a88,13,-
chr4,112525231,112526309,ac565c43-9fd6-4994-a1e0-290d14aa4489,60,+
chr4,113170911,113171990,e0e53bd3-c1c3-4ba0-aaf2-a789d68e4c14,60,+
chr4,118959966,118975941,e7708e9e-fd4e-41e9-bfb7-5ce3cacced80,60,-
chr4,126289392,126290564,8f6aa5a2-7d66-4854-9652-e8a3709daf7d,60,-
chr4,132591517,132592080,8baa5272-2ce9-4332-8fa1-005ff726c23c,0,+
chr4,140545073,140545504,8fc4d2d5-60e8-47a7-aa9d-4ba40cdd2150,60,+
chr4,140990538,140990820,a23d025c-ab36-42a4-aee4-8dfe6ce66afa,0,+
chr4,146761261,146764802,9511f79a-aae4-40ef-a995-83a5f063bbfa,60,+
chr4,147591854,147592041,510a9a8f-91e1-4c01-ae55-cf47e1c78f5d,1,-
chr4,151658114,151658484,6fa20d74-6bdc-492e-a037-da74b6db10d2,7,+
chr4,152902231,152902429,1069bddc-1f4c-40a0-8cc8-019f044ef884,10,-
chr4,155843813,155844045,ca076594-b05d-499d-819d-60004790f064,0,-
chr4,159221455,159230857,3e208a5a-98df-4d5b-84a4-d28a6de92d37,60,-
chr4,159480415,159480766,7619f0fc-a9a5-43e9-8fd4-1d116c60fb4d,60,+
chr4,164180677,164181553,c762487a-5200-48c7-ba11-94919ed23ba1,60,+
chr4,170359296,170363882,b7485a5a-6d1c-4677-bb8d-24ed1478d0df,60,+
chr4,174438811,174445955,81f378f1-8931-4cc2-aff6-f1d683a48eb9,60,+
chr4,175301866,175312643,bac02b3a-89d1-4a71-95ee-646cfa728a8b,60,-
chr4,176562799,176563000,5a6c7946-6c3c-430b-8794-789ab2fec9a0,24,-
chr4,185489438,185489901,6fd2fcc2-3b3f-4180-8b92-3765a59decbd,60,+
chr4,186969175,186969451,ca076594-b05d-499d-819d-60004790f064,0,-
chr5,1929164,1930433,2fffa978-3807-4718-9e64-12a7e6fdc04c,0,+
chr5,2526973,2527735,94167e12-fc25-4de4-b25f-bab2fe3f3abf,60,+
chr5,3322411,3324545,2fffa978-3807-4718-9e64-12a7e6fdc04c,0,+
chr5,3322722,3324545,2fffa978-3807-4718-9e64-12a7e6fdc04c,0,+
chr5,3666348,3666967,3980b004-efce-45c5-8af3-716ccebe7fd3,60,-
chr5,6950987,6980301,daaacf7f-dd88-42c2-8eca-d7d2831a4069,60,-
chr5,7411698,7413646,d073f3ea-7c9e-4eee-b95d-02b2efc704ee,60,+
chr5,11515294,11526782,1f62b408-afe6-4248-824e-7278ca7ac354,60,+
chr5,11526947,11528292,03b02c77-56fa-4bfa-9ee9-bba9f37ce4df,60,+
chr5,12983358,12984042,eba65536-86d4-4437-9f78-fd55c8ce9671,60,-
chr5,14112319,14124615,2381dff2-8e74-4590-a62f-a1f286f004b3,60,+
chr5,15836600,15836986,35bd0d82-780d-47ef-835f-591e60b9418e,28,-
chr5,15926809,15956614,400980b8-2841-4411-8523-88ec50479086,60,-
chr5,15956644,15995593,9ba9452b-9d38-4e34-98e6-015ca4d64457,60,-
chr5,19893619,19915510,e5b92257-f482-4d69-98e7-151f61eee259,60,-
chr5,19898853,19915508,82b8ad88-c190-4a2c-9242-3eba5fb74cfa,60,-
chr5,19988930,20016227,7a01d288-85d1-46a2-96e3-50f63bac841b,60,-
chr5,20505247,20505992,7f1a96bc-3cc3-410b-b610-4157b5b0cc5f,60,-
chr5,21478358,21478744,01a8bb25-aa0b-4b02-bbcc-68d2a0b52591,0,+
chr5,23637253,23638161,c2f2960d-5c6c-4436-9e66-598e2884b843,60,+
chr5,31492124,31492907,b994cb22-986c-455f-b08c-2b872856c445,60,+
chr5,32380814,32381008,feccc7f2-8cc9-4a09-9e80-ea89ba2a4647,14,+
chr5,34438383,34438586,7b846b56-7600-4264-8399-66efdecf8bc7,60,+
chr5,36327472,36327649,77383e65-f076-4c03-a6ba-159d0a574d37,20,+
chr5,36335322,36335618,c74ae379-6de3-4372-b4e2-a93360d13475,60,+
chr5,40353297,40363276,41731d45-1c80-4fed-a658-d7f04fdecc3e,60,+
chr5,44587206,44605223,e1d72552-55af-42ac-aef3-0dc9d9ec9341,60,+
chr5,49407254,49408523,a6329f2b-c26c-42d7-bb3f-17246e98585a,0,+
chr5,49411682,49412947,a6329f2b-c26c-42d7-bb3f-17246e98585a,0,+
chr5,49422748,49424017,a6329f2b-c26c-42d7-bb3f-17246e98585a,0,+
chr5,49427176,49428445,a6329f2b-c26c-42d7-bb3f-17246e98585a,0,+
chr5,49429390,49430659,a6329f2b-c26c-42d7-bb3f-17246e98585a,1,+
chr5,49431944,49433213,a6329f2b-c26c-42d7-bb3f-17246e98585a,0,+
chr5,53310731,53311025,74a2f33e-fef6-43d7-9ecb-df346b349ae7,14,-
chr5,56867189,56868521,d6b5ddf1-67b6-467d-b646-e951fee28488,60,+
chr5,59489438,59491526,4f987a6e-6f1e-4655-bb72-da1cd3865811,60,+
chr5,63495303,63501855,07bbbdda-33b5-47a2-9f11-2c8702a6ea6d,60,+
chr5,65999207,65999263,bd331405-2237-4578-9471-66a83acc6f3e,1,-
chr5,67078633,67078986,9460bad8-bccd-4e1a-a7d1-8720f4e1e756,1,-
chr5,68952966,68953412,01a8bb25-aa0b-4b02-bbcc-68d2a0b52591,0,-
chr5,69326533,69326821,f510fba2-e328-4914-86e8-ce98977e7853,0,+
chr5,69514660,69515038,01a8bb25-aa0b-4b02-bbcc-68d2a0b52591,0,-
chr5,69532707,69533153,01a8bb25-aa0b-4b02-bbcc-68d2a0b52591,0,-
chr5,70067391,70067770,01a8bb25-aa0b-4b02-bbcc-68d2a0b52591,0,+
chr5,70201952,70202240,f510fba2-e328-4914-86e8-ce98977e7853,0,+
chr5,70515024,70515402,01a8bb25-aa0b-4b02-bbcc-68d2a0b52591,1,-
chr5,78005044,78005714,fe1ca081-aa98-4148-abee-d059f1dd6966,60,+
chr5,79482346,79482765,2d8bc77e-6dcd-4834-997f-d7e9cdbf1ca4,60,-
chr5,79783424,79783582,63cbcc6c-fd70-4f68-8e45-595475e327ea,2,+
chr5,81569589,81575721,12ef19dd-4dfb-4f64-998f-e0727106d269,60,-
chr5,83972997,83973523,64ecf0e3-27a9-4dfc-aee9-5da830d33e20,17,+
chr5,87587411,87588224,7addf31e-2086-49fd-a5fd-e0a4d4cbd28e,60,+
chr5,88731622,88744981,83ff2b25-67a7-4b8c-bd55-4996b330828d,60,+
chr5,99543608,99551237,d33e3bcf-e03e-4a29-bfc2-26ca44a8113f,60,+
chr5,101209697,101210624,2bfe2b7a-e9a2-4fd6-ad1b-d2b9b9703b3d,60,+
chr5,106209065,106224418,81d6eb39-c41f-48f2-a8d8-12c24b429610,60,+
chr5,106263832,106264805,bd58609e-afa0-4917-84e0-155a09c5c826,60,-
chr5,106549419,106556105,52dab0b1-732d-4c15-9011-ac5b30142b29,60,-
chr5,107392449,107403993,6d58d659-b6e4-46b7-b4b8-658978a218dc,60,-
chr5,110295592,110296011,417d9e25-6e71-4ff9-933c-951815175bae,60,+
chr5,111161725,111162567,f3125662-8695-4570-983f-62d578968de3,60,+
chr5,118650990,118651256,6ddb22ed-d07c-4ea3-beb7-6279b793ecca,60,+
chr5,122258159,122258770,35eec122-675d-4eec-b4c3-4e4b5be857da,60,+
chr5,123365496,123365745,371ac29e-fd06-4db1-acb1-d78494ce67a7,1,+
chr5,123401730,123402068,0348a29c-9666-4723-8d66-ccc6c17e69e9,60,+
chr5,123816330,123895601,e8226a01-3b4b-41f4-a06b-f67ad7d47cbe,60,-
chr5,129219945,129220795,003b9ee8-cb80-4246-8d20-961631d4ab2e,60,-
chr5,132029884,132069698,913b8770-d8a6-4473-8776-7956f23d091f,60,-
chr5,132908820,132909917,a0e74922-06df-4bf6-905d-09c27ca2e524,60,+
chr5,133818752,133819283,38d146a2-e1be-43b7-abc9-dde9cbbb5392,45,-
chr5,140134090,140134604,4e76e447-c327-4e78-aa9d-0f149883da9d,60,+
chr5,141558748,141559197,3d96d438-c94f-4c97-beb2-f4a1bb704451,36,+
chr5,145635470,145635924,8985ce8a-ea5b-48ce-b686-d2d54f3e9519,60,+
chr5,146077321,146091026,0ca55f85-e4c7-4fe0-8d9e-85fc8f2a2e75,60,-
chr5,146415504,146429040,e59c0558-57ea-4678-9cbf-fde488658fb7,60,-
chr5,146899459,146899707,5a9a7f5c-8cd8-4dfc-a6cf-6e3988121061,60,-
chr5,148653031,148653560,55fdface-4553-4f8f-af64-78532265cb2d,60,+
chr5,151282239,151287460,f57b68ce-706d-43f7-8319-605f77e7a09e,60,+
chr5,157235386,157265462,3c6921da-35d1-4120-a119-96dffdb32b0b,60,-
chr5,165050603,165050736,c5eddecf-430e-4166-a136-593527e0c0b8,0,+
chr5,166283123,166283458,a3ed4760-e19b-4013-9712-cf80e0c9a0e9,60,+
chr5,170152612,170181664,112c1a0f-8461-4fad-979c-2a8550d2a072,60,-
chr5,173585385,173586749,1bec64de-0507-485a-89f8-fa0554854365,60,-
chr5,175440941,175441362,2ac643e4-45ac-418b-9ebc-902a7d403ce7,14,+
chr5,175545981,175546322,3d5220e1-10a0-49fd-a0b6-b391c428d4a5,18,+
chr5,177145829,177146172,3d5220e1-10a0-49fd-a0b6-b391c428d4a5,0,-
chr5,177256425,177256849,2ac643e4-45ac-418b-9ebc-902a7d403ce7,0,-
chr5,177479056,177479398,3d5220e1-10a0-49fd-a0b6-b391c428d4a5,0,+
chr5,179121349,179124013,d4574eac-577e-4840-9548-dff82506f94a,60,-
chr6,5563777,5569911,fbe21e6e-9f36-4001-bca6-bf033469520d,60,-
chr6,6153670,6179421,030c8ece-d124-4ab9-b916-f9e7ace4bbd8,60,-
chr6,7010044,7010323,0990d47a-7b0b-46e0-8add-52f93785eb96,43,+
chr6,10848623,10849146,3403c664-9a39-4fdc-b68f-9e55919a4bb8,60,+
chr6,13958872,13962574,de583810-220f-4f58-862b-a3345c797673,60,+
chr6,13962600,13963537,943f0081-7dbf-4ad7-a436-015a6cb67363,60,+
chr6,17472048,17472285,f610bdfb-e8cc-4e1b-b228-82aca03e1053,60,-
chr6,18479180,18479811,5f677740-d9f4-4574-b650-9c20df74e6b3,60,-
chr6,24029622,24030062,8e8838ff-08a0-4dbe-af19-70c877431285,1,-
chr6,24294576,24306928,88f66e34-80ec-4b86-9ef8-eababd1e95f5,60,-
chr6,24306941,24325585,d2107726-a31e-4d4c-803a-c4edacbe0580,60,-
chr6,24882583,24889305,1b4cc5a3-fadd-4b02-bdfc-d93fd5bdd59c,60,+
chr6,27506355,27506917,b85d3a69-c808-47f4-9197-52dd938399d0,60,-
chr6,30929609,30929939,19e70ed6-f124-4333-9e7b-5b7ae2ee2189,43,-
chr6,32280608,32281097,cd7dce45-2446-43fb-8cf7-785501da7db7,51,+
chr6,32281233,32281474,4361c26e-c69b-41a0-ab79-39ced1bab9c3,60,+
chr6,32282102,32282928,88adb017-97c3-4dd2-a83c-84905c87807b,60,+
chr6,33580266,33580524,bf0ec37c-9872-4408-87ad-4afe0c950037,6,+
chr6,34323714,34324620,e5fbb23d-5f34-431d-9460-57e128d7d5b1,60,-
chr6,36887522,36903642,d03b8702-8ba0-4b7e-a61c-3312f84598a1,60,-
chr6,38255237,38255790,a2dcd5e6-41c0-47ab-b6c5-fe15336f7d0e,60,-
chr6,43068081,43068628,a7ea5bd4-92cc-421e-bc04-5aeba9f3b55b,60,+
chr6,45048208,45049246,9c5a8105-2245-4b6e-982f-89ce61bacb3c,60,-
chr6,47118532,47118967,36ae7d03-4c78-42ca-b4e0-c36ed5ac5d73,60,+
chr6,50426070,50426333,091d6e95-2dae-47f5-90c8-7e57a2bf791a,60,+
chr6,55387460,55387877,8d17b61f-26d7-4d66-bac4-af8ef329e3af,37,+
chr6,56104734,56178800,2d8a3828-e3e2-4b4f-a21b-40ad08209461,60,-
chr6,56683115,56683616,d8b442a7-2097-4807-9255-4b1bb48f375b,60,+
chr6,58778800,58779777,a7fdafc4-54c4-4518-a6db-c04dc5052c9a,60,-
chr6,66756602,66757266,f74b1820-1b1d-412a-9c1c-baf621dbd306,60,+
chr6,81361343,81361610,ca076594-b05d-499d-819d-60004790f064,0,-
chr6,81971158,81971532,8e8838ff-08a0-4dbe-af19-70c877431285,0,+
chr6,86407748,86409586,56766d65-2ba5-4de8-9d9d-bcb667e06b02,60,-
chr6,86409732,86417142,79847f06-833c-4b0d-98e0-4ab49d8a183e,60,-
chr6,86908893,86909817,7a852473-2288-4a29-a5b8-74bf63aab2a3,60,-
chr6,88084019,88084326,390fd89c-5827-4838-a91e-5eae519c4233,52,+
chr6,91266881,91273289,9bf07e56-e5dd-4995-b668-3cc1ad2f9830,60,+
chr6,106062193,106062426,e6931d7e-93b8-406e-b330-600e0d8ce328,0,+
chr6,106064219,106064452,e6931d7e-93b8-406e-b330-600e0d8ce328,0,+
chr6,109298964,109299282,19ef9127-3570-429c-a8b3-7d97fceb6ea6,0,+
chr6,110715431,110715733,3811a365-bee3-4690-b02c-75727ca1b515,60,+
chr6,117295454,117310324,8822aba2-86c2-4440-93ab-028da95fa23a,60,+
chr6,117617903,117668685,454c7203-300c-422a-82a2-21a8853eb50c,60,+
chr6,130221281,130221814,40053d80-19e1-41fa-bac1-3fd80f5f5839,60,+
chr6,130305288,130313023,c4280ce8-b0cf-4551-bc56-ee315a8c5c8e,60,+
chr6,140663606,140664858,459a883c-be75-4bfe-bccb-023fd3e954c4,60,+
chr6,143327527,143328054,0041b8c1-e524-4bb4-8890-410e8d6bf1a3,60,+
chr6,143609779,143610553,8b04b672-1a19-424f-89ec-277c640c62e4,0,+
chr6,146740795,146741219,f2f4e3e5-cafe-4ece-b063-73a216103a7e,60,-
chr6,150813390,150826846,f4b4ab52-5b52-489c-8f2b-c98edf3fc8df,60,+
chr6,152741983,152742964,75234875-00b9-48eb-aa79-8041fe6ecc7a,60,-
chr6,155001286,155001555,1980b8ef-5ed6-49b4-9465-40349cb1ac1c,23,+
chr6,155762197,155763315,ea831a82-3caa-4bfb-a5de-6923739a0f8b,60,-
chr6,155954496,155954867,995c72ed-df3f-45cc-932c-aa7f222f2f5c,60,+
chr6,156085187,156088169,97c4e26b-dccc-420a-afe9-f9068148a9a4,60,-
chr6,163256583,163257285,57b3064e-8fdc-4384-b38c-4733aea10a72,60,+
chr6,166273120,166273683,7b0098c1-e48e-462e-b3f4-105dade2fd41,60,-
chr6,167595419,167595636,c5028193-7d5e-4aa6-8f2d-9a8a9b7da4af,0,+
chr6,167786424,167786641,c5028193-7d5e-4aa6-8f2d-9a8a9b7da4af,0,-
chr7,734628,734854,cf2b9efc-e215-48a9-a94c-c7748b0b8328,10,+
chr7,887489,891638,b5adeffd-83dd-4919-a647-4d981b964c0a,60,+
chr7,1320056,1320574,68c750f8-d38b-407b-a15f-07d60fa57431,0,+
chr7,1320077,1320765,68c750f8-d38b-407b-a15f-07d60fa57431,0,+
chr7,4300795,4313503,6559350a-832b-4503-b6ff-edf5b3ed6f1f,60,+
chr7,5866076,5867008,21255161-4621-4b66-92ec-b27662e1185d,60,-
chr7,6001736,6002195,35f4e089-49fb-4bda-b4cc-01739162dc52,0,+
chr7,6801862,6802321,35f4e089-49fb-4bda-b4cc-01739162dc52,0,-
chr7,10152400,10152980,f69a500a-2cd8-4cd8-b63e-45a87b749611,60,-
chr7,13886155,13890624,8c73fa9d-adcd-4df4-845c-0a4eb65964a9,60,+
chr7,16692003,16692304,b874b91b-42ed-437f-b2e1-2e5a48ea6c06,60,-
chr7,17180073,17189246,a9a08895-3bef-477f-8593-9bd7b8a90d83,60,-
chr7,24859618,24860080,75c6e7a3-b9ec-40e4-9645-7438c2fffaff,34,+
chr7,30401217,30403989,a49330b5-30db-486e-94c5-649d2bd8042d,60,+
chr7,38764671,38765421,6a3f6a10-d3e2-4936-9d2a-44fc3fb64967,60,+
chr7,40125210,40125981,70dd0f3b-2c52-409c-978e-48972f0a7df5,60,+
chr7,40603872,40604318,632f7085-1956-4241-b56e-b762613cf495,48,+
chr7,45256631,45257502,1c9aff14-7419-4197-bc4e-a4652532b164,60,+
chr7,54299444,54304390,8dea8522-51cc-48fd-8da8-ccf052b96463,60,+
chr7,61967495,61967644,83c87d43-0856-4912-86b3-84c8c2eefbd5,0,-
chr7,61968378,61969585,3c4abb5e-bd33-489c-a4aa-453f3c0762e6,0,-
chr7,61968421,61969039,98b6f6e2-cd1f-4393-a230-78fd68a8595f,60,-
chr7,61968684,61968833,83c87d43-0856-4912-86b3-84c8c2eefbd5,0,-
chr7,61969736,61970284,5a4d5ee2-d393-44e4-9c55-0fd0740a3cf7,0,+
chr7,61970123,61970736,98b6f6e2-cd1f-4393-a230-78fd68a8595f,0,-
chr7,61970386,61970535,83c87d43-0856-4912-86b3-84c8c2eefbd5,0,-
chr7,61976155,61976296,83c87d43-0856-4912-86b3-84c8c2eefbd5,0,-
chr7,64965266,64965528,1b7ca1d6-7f21-4b6d-9d80-d354a77c7a96,0,-
chr7,65563876,65564354,93eed536-4976-482a-bed7-5e2f9267129a,1,+
chr7,65563938,65564619,93eed536-4976-482a-bed7-5e2f9267129a,1,+
chr7,65564042,65564570,93eed536-4976-482a-bed7-5e2f9267129a,1,+
chr7,74094601,74108999,0853a46d-aaa8-42b5-a8d8-96e711f5e750,60,-
chr7,75492548,75550112,9381d7c7-a059-4049-9aca-f9817db9a973,60,+
chr7,77362454,77363350,9b25e079-0c3d-41a3-9b75-fa06ff3ac787,60,-
chr7,79216185,79216438,791d5293-9c8f-4d28-b35e-2eb00712452c,60,-
chr7,80111180,80111962,30ab5007-b6e4-420d-be75-660cbc50c402,60,-
chr7,80378338,80378846,1f006066-4c28-4f8d-85b5-d18256b2fdfd,60,-
chr7,80972723,80973076,17f216fa-6e60-4f62-81b7-61a06b70a39b,60,+
chr7,82162229,82162909,4602753d-cc46-4d9b-b7c7-ebf347b2299e,60,-
chr7,82300587,82307923,f3275f6a-e654-47b3-934a-88b52bbcccc7,60,-
chr7,86262650,86262954,91bb313b-20d4-403c-bd26-be9fece3e272,40,-
chr7,89360255,89360401,0b698dab-307f-492c-8f58-44cf6c0cb3a9,3,-
chr7,97973812,97974160,8cdd8347-5305-49ef-90f9-e7b020541e43,60,-
chr7,101271245,101271721,376a0e5c-a76c-449b-9da4-46562bad2c5b,60,-
chr7,101381088,101381875,9c907def-9674-42c1-bae6-83e579238307,60,-
chr7,105683950,105684438,e1327897-8f24-4ecb-a0cf-5d60c5b7b4be,60,+
chr7,112542884,112543593,e43a69b1-5698-4651-b2e1-505d300aa24a,60,+
chr7,122157187,122169012,c0a424f5-f94d-4aaf-a877-8de0ce43910c,60,+
chr7,124240968,124250583,7cfd877f-e524-4ff1-92d2-aa7e10294b69,60,+
chr7,127424264,127429354,cfdf3535-5788-46c4-bc57-d745f475b429,60,+
chr7,127429380,127431980,0f7f2226-4f9a-4068-b26f-c0b760835da6,60,+
chr7,129791658,129792360,a120c011-643d-49d6-8272-00bff3abc416,0,-
chr7,130464290,130467014,53d93515-8d0b-4812-9689-d51bd9c848d3,60,+
chr7,140909717,140910030,765d90c5-dac1-4b16-8e97-5b7a73b2028a,60,+
chr7,142098195,142099343,b4bfebd4-b623-472c-a66b-d8ce7a6db4ae,0,+
chr7,142115703,142119683,b4bfebd4-b623-472c-a66b-d8ce7a6db4ae,0,+
chr7,142135167,142139166,b4bfebd4-b623-472c-a66b-d8ce7a6db4ae,0,+
chr7,142153227,142157249,b4bfebd4-b623-472c-a66b-d8ce7a6db4ae,1,+
chr7,142172210,142176201,b4bfebd4-b623-472c-a66b-d8ce7a6db4ae,0,+
chr7,143293658,143294842,fa7e68f5-a521-4bac-830f-4515f51dca2b,0,+
chr7,143561178,143562362,fa7e68f5-a521-4bac-830f-4515f51dca2b,10,-
chr7,144290569,144291227,0a65d9be-5a22-4318-88a1-ee67f7d8d3e3,60,+
chr7,146802541,146865148,bd6ad9a9-5818-4c5d-b2ae-d32ad0452287,60,+
chr7,149088336,149089283,f61d3f70-f24a-4f65-83b9-2cb4ff84b5a8,60,-
chr7,150865901,150866150,67fed9ab-0f19-4660-81b1-b341cca1bec8,60,-
chr7,151678908,151680005,e01dc7b5-0bf5-4c08-9ab8-98a038b6114d,60,+
chr7,156118389,156118728,aa613b2b-b630-4148-9134-4db1622a2c8e,55,-
chr7,156164222,156176950,f92013e6-e1ac-4f59-b043-8abe14683518,60,-
chr7,157138742,157141167,a4a178fc-7636-4d53-a97a-79bee43fc92f,60,+
chr7,157274026,157275276,98665869-e263-495d-8f01-83c904eca57d,1,+
chr7,157647130,157650948,9a3de12f-e2e0-4e68-ad21-8dff866f7fb9,60,+
chr7,157651052,157681641,9a3de12f-e2e0-4e68-ad21-8dff866f7fb9,60,+
chr8,6944373,6944868,442e084b-8e29-4f4e-a95f-05b56a45f21c,47,+
chr8,7051394,7051644,8b8b63fe-93e0-4c54-985c-04d335828c0a,0,+
chr8,7090305,7090800,442e084b-8e29-4f4e-a95f-05b56a45f21c,0,-
chr8,7548861,7549356,442e084b-8e29-4f4e-a95f-05b56a45f21c,0,-
chr8,7911777,7912272,442e084b-8e29-4f4e-a95f-05b56a45f21c,0,+
chr8,7950909,7951159,8b8b63fe-93e0-4c54-985c-04d335828c0a,0,-
chr8,12527709,12528202,442e084b-8e29-4f4e-a95f-05b56a45f21c,0,-
chr8,14886017,14935292,1edc01f6-d003-4565-ba43-3b82400f923c,60,+
chr8,14887771,14888071,c9b410ec-ea40-452d-acc0-62fd6c6cfcb2,1,-
chr8,14891893,14899622,c9b410ec-ea40-452d-acc0-62fd6c6cfcb2,46,-
chr8,14920166,14920951,c9b410ec-ea40-452d-acc0-62fd6c6cfcb2,1,-
chr8,14927696,14931054,1edc01f6-d003-4565-ba43-3b82400f923c,60,-
chr8,14933188,14933967,1edc01f6-d003-4565-ba43-3b82400f923c,40,-
chr8,16983430,16984381,5f764066-4cf0-4ca0-97ac-40d4d80bcbed,60,-
chr8,21785303,21786358,26317ee7-99d0-4785-ab0a-460b7e1bfae7,60,+
chr8,26524386,26544018,bccc0de8-b863-4bfe-894c-08b29d277cb0,60,-
chr8,27176474,27176915,c9f6144e-024a-4e9d-b252-c1399822a10f,60,-
chr8,28908220,28911261,5efff188-b59f-4526-bc16-3b0183dcb049,60,-
chr8,29147923,29160097,a72c4cd3-6f2e-4022-9bb7-7756f8e9bf30,60,+
chr8,30597525,30597926,cb847411-fcad-44dc-acd1-93be82cbc247,14,+
chr8,31912621,31913303,57c82938-7c9d-4cd4-8702-ffb76478771e,60,+
chr8,40402035,40402638,51eb9e1b-1b75-41ba-8c07-b1617e63e70c,60,-
chr8,43092799,43093355,51320202-b491-4a1e-86c4-9e68aad41f43,0,-
chr8,43093011,43093612,51320202-b491-4a1e-86c4-9e68aad41f43,0,-
chr8,43094095,43094727,51320202-b491-4a1e-86c4-9e68aad41f43,0,+
chr8,43094760,43095353,51320202-b491-4a1e-86c4-9e68aad41f43,1,+
chr8,43094807,43095390,51320202-b491-4a1e-86c4-9e68aad41f43,0,+
chr8,43096407,43097036,51320202-b491-4a1e-86c4-9e68aad41f43,0,+
chr8,46841386,46841804,d3a2ca0a-640b-4cae-93ff-4d65b84bd985,0,-
chr8,46846876,46847409,d3a2ca0a-640b-4cae-93ff-4d65b84bd985,0,-
chr8,46848859,46849278,d3a2ca0a-640b-4cae-93ff-4d65b84bd985,0,-
chr8,46852596,46853015,d3a2ca0a-640b-4cae-93ff-4d65b84bd985,0,-
chr8,47920450,47922328,057aeaa8-e592-4616-a57a-2206173066ce,60,-
chr8,48105139,48130499,8b04b672-1a19-424f-89ec-277c640c62e4,60,+
chr8,48135599,48137792,8b04b672-1a19-424f-89ec-277c640c62e4,60,+
chr8,49105258,49105811,93eed536-4976-482a-bed7-5e2f9267129a,0,+
chr8,49105267,49105719,9dc517f5-e3af-497a-9744-a3a911192beb,1,+
chr8,49105289,49105811,93eed536-4976-482a-bed7-5e2f9267129a,0,+
chr8,49105322,49105811,93eed536-4976-482a-bed7-5e2f9267129a,0,+
chr8,49105370,49105811,a23d025c-ab36-42a4-aee4-8dfe6ce66afa,4,+
chr8,49105429,49105721,9dc517f5-e3af-497a-9744-a3a911192beb,1,+
chr8,49105459,49105777,9dc517f5-e3af-497a-9744-a3a911192beb,0,+
chr8,64570014,64570405,3988e68d-87a7-499d-ac78-a43d18c89170,60,-
chr8,66373145,66373587,d539b5bb-4a49-451c-b518-7c1a1d729bba,60,-
chr8,69318973,69319343,b1bbbe77-e066-4968-9126-42f5fd4d3fd8,60,+
chr8,77079866,77099699,b59d92c4-24d3-4bea-9a75-6f3858d7b5e8,60,-
chr8,77500179,77501369,241e942c-773e-4466-95a2-970cc3fb33bb,60,-
chr8,80737279,80737785,97b125ba-63ca-4daf-b557-10d75b46e17d,60,+
chr8,84373062,84373347,5552dbcf-b3d9-484b-aa56-e6b249d2dc70,60,-
chr8,86750840,86751202,916044f9-da4b-43e6-85a2-b4dde00b3897,0,-
chr8,86773452,86773814,916044f9-da4b-43e6-85a2-b4dde00b3897,0,+
chr8,86785646,86786008,916044f9-da4b-43e6-85a2-b4dde00b3897,1,+
chr8,86800921,86801283,916044f9-da4b-43e6-85a2-b4dde00b3897,0,+
chr8,86825308,86825670,916044f9-da4b-43e6-85a2-b4dde00b3897,0,+
chr8,86837495,86837857,916044f9-da4b-43e6-85a2-b4dde00b3897,0,+
chr8,90831960,90843608,40d1787a-26de-476b-b355-2b5febbb9e3d,60,-
chr8,90843891,90851402,3773afe6-bbd4-4c33-bbea-75a66b5d4738,60,-
chr8,95838817,95839085,9747fe1f-576b-46e2-a6e6-bb145a525d1b,28,-
chr8,97000826,97003514,5b5feb04-9c58-4689-beb5-bce47dde7934,60,+
chr8,98965789,98966339,01e08c79-ffd4-49ab-b05e-93c4bf970192,41,+
chr8,101667683,101679805,365368a0-bf7f-4198-9c78-05e42613e7c3,60,-
chr8,103299084,103299279,6b557b67-40fe-4103-9996-9c992215bc69,40,+
chr8,105495768,105496422,309e9be4-136f-4742-86a0-feecbce5d01c,60,+
chr8,108776485,108777153,0b822bb5-dd3b-489c-881a-f5ea1e633374,60,-
chr8,110280008,110289768,b53dc58b-0986-4813-8dca-d41eb6e52ff4,60,-
chr8,112826241,112833588,972edc5c-345b-40a6-bef5-b0d440977c35,60,-
chr8,117433521,117433752,c024e1a7-1ad8-4795-8b97-c9be380acb21,34,+
chr8,123701316,123701496,b76ef8e9-1265-423e-b828-7f5fe12aa3b9,35,+
chr8,126737487,126737768,cf475ae2-7419-4a40-a236-c706ffe146d1,60,-
chr8,134544075,134552876,98b371aa-0785-4ab9-9602-fa87e8dce602,60,-
chr8,134928062,134928687,fb8e8815-393d-4dde-a3f9-b0b61f50db54,60,-
chr8,135033487,135036683,995bc112-5cdb-45b2-8e32-abd8373571a7,60,+
chr8,135858702,135858982,ccf91e46-ca3c-4e27-97fa-17318a9c140c,48,+
chr8,139521388,139521761,2d73757a-1c4c-4d8b-aeea-4bf393fcb83d,41,-
chr8,139603155,139612445,77afb116-ee84-4d33-a8d1-d0ac2e7458ce,60,+
chr8,141408703,141436606,19942377-bc5d-4ff1-8418-99cb8bcf41e4,60,+
chr8,142860829,142861029,30ea52af-292f-4e16-9878-c175b93c8076,1,+
chr9,1050647,1050795,5975b1eb-3207-4dcc-9f81-2635112a781e,22,+
chr9,3777586,3777991,aa26fefd-2f72-414a-abca-ebb140743176,60,+
chr9,10649390,10670325,4191f844-4e25-41ac-ae9f-7bc4f374e1b1,60,-
chr9,10670656,10679317,c90f4978-49aa-4074-9132-03fb1985ff1e,60,-
chr9,12628143,12639107,e29d3829-f9ed-427c-8543-f3614013e2a7,60,+
chr9,15340438,15340833,ddd7c66f-66d9-4113-a7d7-7f5ceaacc9be,55,-
chr9,24656106,24668406,0a97eb89-4fd0-40e8-bc5d-ea104f889750,60,-
chr9,25600798,25627667,11361bc0-aec3-4879-b639-9877eaa2322e,60,-
chr9,28641446,28649475,a7344c8d-11a4-42a3-a124-0b98c51409ff,60,-
chr9,31328086,31328320,ca076594-b05d-499d-819d-60004790f064,0,+
chr9,31674483,31689802,b2f02886-7974-46a7-bcaf-ffb108edd6f4,60,+
chr9,32562743,32562997,3bb75cba-cf0c-4a48-aa50-10505324c00d,60,+
chr9,33323324,33323506,cab1bef5-bab9-44fc-a495-ffd0acf6dabb,60,-
chr9,37602448,37607202,14ee99f6-c460-4914-8fa4-ba2ef31f865f,60,+
chr9,42368936,42369147,ea84da85-228d-4dc0-b37e-14580fa148d3,0,-
chr9,43132697,43132910,ea84da85-228d-4dc0-b37e-14580fa148d3,0,+
chr9,43646577,43646966,097dd2b2-3d37-44b7-aaf3-af9db235a1d4,37,-
chr9,44117706,44117921,ea84da85-228d-4dc0-b37e-14580fa148d3,0,+
chr9,44975449,44976012,8baa5272-2ce9-4332-8fa1-005ff726c23c,0,-
chr9,45712242,45712805,8baa5272-2ce9-4332-8fa1-005ff726c23c,1,-
chr9,46098426,46098989,8baa5272-2ce9-4332-8fa1-005ff726c23c,0,-
chr9,46405326,46405889,8baa5272-2ce9-4332-8fa1-005ff726c23c,0,+
chr9,47173634,47190094,c0ab84f0-f242-4d0b-9320-e60a2c8a2444,60,+
chr9,66672010,66682393,0e6cebfe-c0d1-4977-9423-ba95ad389646,0,-
chr9,67660109,67675811,c0ab84f0-f242-4d0b-9320-e60a2c8a2444,0,-
chr9,67808414,67808977,8baa5272-2ce9-4332-8fa1-005ff726c23c,0,+
chr9,67927394,67927611,ea84da85-228d-4dc0-b37e-14580fa148d3,0,-
chr9,69382614,69382828,ea84da85-228d-4dc0-b37e-14580fa148d3,1,-
chr9,69813533,69833247,37129ca1-700d-463c-acf4-ca281ff3d49d,60,+
chr9,69854875,69865398,0e6cebfe-c0d1-4977-9423-ba95ad389646,44,-
chr9,74356339,74356488,e38a932b-7db5-40aa-93b9-790b5c2ff96b,23,+
chr9,74800022,74883963,c3d4acc2-1753-4daf-93b5-2cfb7a848395,60,+
chr9,76487699,76488962,5fa5e26d-516a-415a-adaf-c9d93537a592,60,+
chr9,84953361,84971261,d7142e43-58d0-4d27-b0a6-88610b5ad99b,60,-
chr9,89010490,89010814,00c84cee-dd78-47ab-9e59-b5e0a44ba390,0,-
chr9,93299246,93316004,48a3f5b1-5625-4ff4-b36f-ad90d0c389eb,60,+
chr9,97072222,97073017,0444550a-2560-42d4-bcb8-c80ec885b1e2,38,+
chr9,99968828,99969013,787ef870-4d1a-4340-8a77-fdf01fda007b,0,-
chr9,103572723,103573097,deb6e11f-7281-43e0-a940-c5b68f2e8449,60,+
chr9,112113332,112114612,72144074-d136-411a-8795-417ea6a966b4,60,-
chr9,120503125,120544060,f10ca71a-97c3-44f0-9709-6df3c1bfd52e,60,-
chr9,126642709,126650183,d643ecae-cce8-4a2a-81cf-450185e38f91,60,-
chr9,129335196,129336056,dd15ef14-4205-4bb8-8d9d-b673028268c2,60,-
chr9,131002805,131022254,a444857d-3660-49ca-a95c-4d741d8c24ee,60,+
chr9,131400979,131401647,0ce25ff4-1c35-4d16-9580-623cd91831f6,60,-
chr9,131434892,131435096,fa5778e6-a953-431e-87f6-d1a9d267c393,60,-
chr9,131636628,131644080,d2278571-333a-4cad-82a1-ade3bb7a7c8f,60,+
chr9,131905284,131954126,dda180bf-b009-4084-8a59-422deaf8761f,60,+
chr9,133730286,133732420,9278b20a-9207-4674-83bd-014b5794c3e8,60,+
chr9,137844406,137844759,d6338123-58a9-449c-be1e-0d8e231fbee2,13,-
chr9,140397960,140398579,68c750f8-d38b-407b-a15f-07d60fa57431,0,+
chr9,140398077,140398659,68c750f8-d38b-407b-a15f-07d60fa57431,0,+
chr9,140398223,140398384,75f8cc4a-431f-4f51-8de9-021e9db5ec6f,0,+
chr9,140398290,140398465,75f8cc4a-431f-4f51-8de9-021e9db5ec6f,0,+
chr9,140398341,140398476,75f8cc4a-431f-4f51-8de9-021e9db5ec6f,0,+
chr9,140398369,140398536,75f8cc4a-431f-4f51-8de9-021e9db5ec6f,1,+
chr9,140398448,140398603,75f8cc4a-431f-4f51-8de9-021e9db5ec6f,0,+
chr10,928431,929136,6c0574b2-d694-4b05-be0b-97f3a1b8faa2,60,-
chr10,1963376,1985706,e887f81f-9679-411c-b98b-322f2a45b25e,60,-
chr10,3519611,3525775,5fa0af91-601a-4165-a3d8-b4bf817a5360,60,-
chr10,10892216,10892784,870fea48-71d6-44ea-9fa2-a9e0d5703993,60,-
chr10,11672601,11679972,e71bf0fe-efb4-4f4e-aa9e-b4a60940b69b,60,+
chr10,11768459,11769211,69959b7b-1644-428f-affd-88dc6c7c8830,60,-
chr10,12011075,12012029,9017c1e1-04f9-439a-8526-c9b685fadcf3,60,-
chr10,12503604,12504411,b2db9ed9-a1ad-43fd-a126-7cede5c55564,60,-
chr10,20058407,20058695,8c0f3784-4d21-4bd4-a2fe-a3d154cafb5f,5,+
chr10,21457066,21457800,f243aeca-b19c-432a-a4a6-487d9886b398,60,-
chr10,23130707,23132077,0f92c72d-2b8c-4950-bdf6-f5b1a7b6db68,60,-
chr10,23143734,23149039,42f2df02-0ffe-4ad4-9204-f515b411de16,60,+
chr10,29731552,29732241,8b04b672-1a19-424f-89ec-277c640c62e4,0,+
chr10,30954208,30959706,661dfb8a-d8cc-4152-ad13-37849bd45bda,60,+
chr10,33012705,33029332,14d7d790-0f88-4e33-982e-9bcdf46c1664,60,+
chr10,42355780,42356026,1c6afe79-db36-43b1-9f74-55ee8df1832f,0,+
chr10,42363898,42367696,eb0496ed-1312-475d-86a2-2e4225c7621a,0,+
chr10,42398029,42411749,3be61a60-c536-44fb-acb9-05490e01b22e,0,+
chr10,42398631,42399543,edc8cf82-5068-4b14-8a99-f365ccdc03a1,6,+
chr10,42398970,42399882,edc8cf82-5068-4b14-8a99-f365ccdc03a1,0,+
chr10,42400155,42401064,edc8cf82-5068-4b14-8a99-f365ccdc03a1,0,+
chr10,42527022,42546673,f34b1418-2646-4eb8-80d2-8db8678be2f5,1,-
chr10,42527022,42545662,f34b1418-2646-4eb8-80d2-8db8678be2f5,0,-
chr10,42527022,42543622,f34b1418-2646-4eb8-80d2-8db8678be2f5,0,-
chr10,42527023,42546664,f34b1418-2646-4eb8-80d2-8db8678be2f5,0,-
chr10,42527026,42546175,a0668844-046e-44e4-be20-b643539b2446,0,-
chr10,42527038,42546687,a0668844-046e-44e4-be20-b643539b2446,26,-
chr10,42527038,42546514,a0668844-046e-44e4-be20-b643539b2446,0,-
chr10,42527038,42546669,f34b1418-2646-4eb8-80d2-8db8678be2f5,0,-
chr10,42527038,42546687,f34b1418-2646-4eb8-80d2-8db8678be2f5,0,-
chr10,42527038,42538939,3be61a60-c536-44fb-acb9-05490e01b22e,0,-
chr10,42527050,42544816,a0668844-046e-44e4-be20-b643539b2446,0,-
chr10,42527251,42546680,a0668844-046e-44e4-be20-b643539b2446,0,-
chr10,42527376,42528282,edc8cf82-5068-4b14-8a99-f365ccdc03a1,0,-
chr10,42527510,42546669,a0668844-046e-44e4-be20-b643539b2446,27,-
chr10,42528629,42542685,3be61a60-c536-44fb-acb9-05490e01b22e,0,-
chr10,42530332,42543704,3be61a60-c536-44fb-acb9-05490e01b22e,0,-
chr10,42531686,42545743,3be61a60-c536-44fb-acb9-05490e01b22e,0,-
chr10,42533384,42546687,3be61a60-c536-44fb-acb9-05490e01b22e,1,-
chr10,51751969,51752733,7ddf8b28-5374-46e6-b0ca-d64683b49058,35,-
chr10,52781744,52799841,9d7eccdf-db52-4b45-b5e7-127e5239c538,60,+
chr10,54238695,54239182,ded10d3b-b309-4668-b4dc-88934263596a,60,-
chr10,60564238,60564783,fa4fe5e7-9cff-4359-ae01-051a41b38711,60,+
chr10,69657523,69657933,e944abbc-6fd8-4ec6-bcd6-3d92bcc717e5,43,+
chr10,70664067,70664803,0093886a-5f4a-4d76-a1ce-518a6431ccee,60,-
chr10,75416649,75417084,7d92189a-99ab-4371-8d5d-d22592ffa4a6,55,-
chr10,85329681,85354264,57b418dc-980b-4875-86f5-39a1683faf1e,60,-
chr10,91519814,91520386,c8294c4c-c280-4976-9b09-6444f95c861b,60,+
chr10,95290672,95290895,1b0c706a-b39f-48f5-a3c1-268b21ad1383,25,+
chr10,96174613,96175211,73c102f5-6067-4234-995f-09d78f3a1bb4,60,-
chr10,97347133,97354186,379586fe-ce6f-4df6-84ac-7b5cccb29111,60,+
chr10,105339486,105372378,f32b0f81-03a4-4ec7-a675-e082f12e29a2,60,-
chr10,106686716,106702569,c738f3cf-0b00-497d-a7c6-a3171cc18742,60,-
chr10,115485060,115485753,2cee7d3a-940c-48f2-ae1c-4fce3916c849,9,-
chr10,134824602,134825314,a120c011-643d-49d6-8272-00bff3abc416,0,+
chr11,9954500,9954712,0c9531e1-45bd-4cee-802a-23f8f735218e,1,-
chr11,9956064,9962705,3740332c-b926-4793-a747-5add60f4ee69,60,-
chr11,11864665,11866394,100c0371-5066-4a9d-8dfa-bda294d812ad,60,-
chr11,12817599,12817950,53380659-89b3-4049-a7b6-93e858c6ce75,60,+
chr11,17001496,17001823,a6995bd7-9c55-4ede-9f4b-d1794f6a3aac,60,+
chr11,32892760,32893068,b9055eee-37f9-4454-8cb7-aa5fbd20cfc5,6,+
chr11,34447943,34461897,0156c3d6-8dd7-41de-91d3-cc69a75477c9,60,+
chr11,43264246,43265216,62b35b6c-21e8-4950-8cb2-cf0103f72353,60,+
chr11,50739409,50759088,acce2bed-2e2b-4b52-97dc-b5cfd70dc3e0,1,+
chr11,51567240,51594197,26215d63-2eb0-4e62-ba91-856dec3826d9,0,-
chr11,51567248,51594201,26215d63-2eb0-4e62-ba91-856dec3826d9,6,-
chr11,51567248,51594150,26215d63-2eb0-4e62-ba91-856dec3826d9,0,-
chr11,51567248,51593597,26215d63-2eb0-4e62-ba91-856dec3826d9,0,-
chr11,51567250,51594159,26215d63-2eb0-4e62-ba91-856dec3826d9,60,-
chr11,51567251,51594150,26215d63-2eb0-4e62-ba91-856dec3826d9,0,-
chr11,51569658,51594194,26215d63-2eb0-4e62-ba91-856dec3826d9,0,-
chr11,51581877,51582855,f71eafd7-438d-4f6c-ab6e-637efdfb05aa,0,+
chr11,51583924,51584901,f71eafd7-438d-4f6c-ab6e-637efdfb05aa,0,+
chr11,51585058,51585128,26215d63-2eb0-4e62-ba91-856dec3826d9,2,+
chr11,51585696,51591523,26215d63-2eb0-4e62-ba91-856dec3826d9,2,+
chr11,51586708,51586920,a052e416-0469-48ec-a11f-903858ba5f24,0,-
chr11,51588755,51588967,a052e416-0469-48ec-a11f-903858ba5f24,0,-
chr11,51590063,51591041,f71eafd7-438d-4f6c-ab6e-637efdfb05aa,0,+
chr11,51592111,51593089,f71eafd7-438d-4f6c-ab6e-637efdfb05aa,0,+
chr11,59110733,59111055,00c84cee-dd78-47ab-9e59-b5e0a44ba390,0,+
chr11,65295459,65295794,0343a259-d61b-446f-b290-38e2469ea763,30,-
chr11,67495604,67501888,b492938a-a60e-4eec-b83f-f897b702425b,60,+
chr11,67502372,67505094,29a6c52e-d58a-4cbb-a74c-928407208064,60,+
chr11,67696168,67696415,8b8b63fe-93e0-4c54-985c-04d335828c0a,0,+
chr11,71078107,71104028,3439d75e-9bbb-4074-8648-659112bf2b95,60,-
chr11,71378006,71378255,8b8b63fe-93e0-4c54-985c-04d335828c0a,25,-
chr11,75207629,75207910,5a6365f2-57c2-4c89-bda3-fe63760eccdc,28,-
chr11,77947366,77964691,17e4485c-591e-48cd-9c2d-7519c372fa0d,60,+
chr11,86700072,86705841,d8a71c95-8d1f-4a6d-aa41-468874088eac,60,-
chr11,87918964,87919700,dfe3335f-de84-4e2e-bb50-b322eb2175e9,60,-
chr11,90411256,90414405,add34074-f5c9-4a47-aee9-22eda6f905cd,60,-
chr11,98108887,98109451,5fea3301-8e83-483b-a1ef-5a46240887d9,60,+
chr11,99945296,99946195,520c635b-cbe8-4829-a1ab-57e94841578c,60,+
chr11,105715333,105721351,0bff3923-c696-4918-9b80-c83cf3a911ba,60,-
chr11,114770027,114777782,6ef414f6-5673-4e27-8f89-044f054c7b1b,60,-
chr11,114879228,114881039,e21ccab0-e63c-4d3e-96f3-2578889b2715,60,-
chr11,120762533,120762738,3bc2c783-2e81-42e4-b9c5-c4cb8183ad22,60,+
chr11,122881774,122882103,959accf0-4466-4e99-bd7a-a5edb6bf8c34,60,+
chr11,127960465,127973299,5f86424c-c7e9-497d-ad50-53ea99db1e66,60,+
chr11,130237407,130237691,c33a69c5-0bcb-4941-a814-4424d95a5920,60,+
chr12,310338,330271,17657df3-61a1-4ee2-9bbd-afa460f45698,60,-
chr12,330320,352449,8a8cf681-0d55-4516-9efd-f40eeaff9fde,60,-
chr12,352499,357279,f5220277-fa93-41ed-88c3-76b5a7c08d57,60,-
chr12,5506153,5506535,f4ce6135-e54b-4d7d-8dfc-2b9264727334,19,-
chr12,12228143,12228382,be2cfc0e-09dc-491a-8e80-2d3897f01cd9,11,+
chr12,16382022,16383682,03a50f3a-5b32-410e-b8db-1022c9056d82,60,-
chr12,31673508,31673738,9b959a9b-ccc9-4a22-bd6d-05ae790f87f3,2,+
chr12,34367069,34367976,8c0f3784-4d21-4bd4-a2fe-a3d154cafb5f,1,-
chr12,38442603,38443483,8c0f3784-4d21-4bd4-a2fe-a3d154cafb5f,0,-
chr12,39983858,39985317,7aa2af2c-ec4b-4b77-b558-3b989c8eb7e7,60,-
chr12,41980137,42007566,4e47f54b-efce-4287-b849-51ea3889299f,60,+
chr12,50446983,50447851,deabaa7b-a381-4fef-81a1-85e046a8fad1,60,+
chr12,52866556,52897940,c54af2de-3df5-498d-8cd1-90e41d442d6d,60,+
chr12,52981936,52982707,94cad220-846f-45ce-bd93-e0bd054a5055,60,-
chr12,54046301,54046846,9380025c-1ae4-48ef-abd0-57515c746c3a,8,+
chr12,60412982,60413148,3439d75e-9bbb-4074-8648-659112bf2b95,0,-
chr12,64475805,64476476,6649fff9-e000-40b0-be79-febceb697944,60,-
chr12,64512576,64513191,7d4b0a6e-2f33-45ed-bd34-c4a9940131fb,26,+
chr12,71137824,71140692,5db65ebf-41f5-4cee-b552-c1f300853bb3,60,+
chr12,75910639,75911261,247b3370-a957-43d9-8dc9-6d7f5a4af224,60,+
chr12,77561962,77576867,2812b0d7-c12d-4324-a5fc-5d86feb262ae,60,+
chr12,83826818,83827145,62b561ca-cc02-48bd-8500-9670573ce4c1,60,+
chr12,85980635,85981413,657c72a2-eb6f-4cba-9edc-ad42e798444f,60,-
chr12,89831038,89831537,4b6dd8e1-51ce-470d-89f5-a64c71d562b7,7,+
chr12,92431817,92432075,d751c185-b089-4625-a8b3-612b3e62f3c5,28,+
chr12,93348827,93348989,f176e2d3-e530-4870-81f7-6440c4f1051a,7,+
chr12,94469860,94483135,33b11605-af87-4c94-9379-81ec1e5493f6,60,+
chr12,95598582,95598871,64eb8c37-a5ef-493c-9c26-91d6aba03b66,60,-
chr12,101700015,101700726,644a5357-a89d-47a7-927b-a4ac1e5b34b4,60,-
chr12,102704304,102704626,19ef9127-3570-429c-a8b3-7d97fceb6ea6,3,+
chr12,106351074,106357613,db8ebdf9-f7e1-475c-9366-7b1af2047fa1,60,-
chr12,106779696,106780532,13b9e2af-3020-4c8e-9571-86fb80965ab0,60,+
chr12,110146336,110146464,1705345b-34ba-4c0b-8a8f-3ddf8bb69cef,7,-
chr12,110821311,110821488,382603cb-8780-4176-b180-2fa499c8dc7b,16,-
chr12,112151219,112172527,8e5fbe97-f80a-49b2-a970-a096bd9c7901,60,-
chr12,112172542,112173932,2a6d3d32-6c39-4949-98a5-b3bff394487e,60,-
chr12,112174067,112180891,879e1ef9-98d7-4dc5-90a1-27c5a585108c,60,-
chr12,112181280,112193362,7c6a78e6-4ff9-421a-8c30-2a22276c196d,60,-
chr12,114176749,114183524,13f20281-8a94-4e7e-8cf4-afd90d0650f4,60,-
chr12,116179738,116179961,793e499b-8a55-4cb7-a59f-98c84e4baf5d,13,-
chr12,116810023,116810445,0d47cee5-9199-4a01-b6d7-dfd7c8a835a3,56,-
chr12,120626205,120626564,c7cc1751-871b-41dc-bdb6-096e6bf9d296,40,-
chr12,122319237,122320469,e027f13e-69f8-4736-bf89-33412cafcc10,60,+
chr12,123326598,123327026,6ebbf295-2a6a-4f3b-a537-68776468d10c,60,+
chr12,126162406,126163535,f8055f2f-8350-46c8-bd41-fa5006c0fac8,1,+
chr12,128012103,128012435,4bcf9db6-730d-4417-b68a-570b318ac7b4,60,-
chr13,21992724,21999154,020b8341-c934-46fa-8822-bee58d5bff32,60,-
chr13,22158645,22158693,0c3e97a9-2d93-4821-942e-42d9189a7a6d,6,+
chr13,25143677,25144277,b6e23db9-a0f6-4866-b398-63f3f7a837c8,60,-
chr13,31461881,31462094,4deb8e59-9df1-4426-81d8-ade63f5a4b05,1,-
chr13,36516451,36516957,67c32de1-9182-4f56-bd45-f028711b1405,60,+
chr13,44521392,44521720,68eb3957-d871-41d4-8269-f08d0f22b935,26,-
chr13,47649335,47670685,97efe6b8-c593-448e-a6b3-e144ae0dd8ae,60,+
chr13,53253382,53266842,30bfbaf8-611a-4aa7-a274-f92cc641de9c,60,-
chr13,62173726,62174441,f29b9cfd-c944-4697-bfc3-e02fa811c768,60,-
chr13,73100454,73100777,00c84cee-dd78-47ab-9e59-b5e0a44ba390,1,-
chr13,75130056,75130910,dccd8e43-ff1e-4799-ab1d-2d8dd5afd2e3,60,-
chr13,75679928,75681756,3bcb21d0-26a2-4096-9773-1d15088db215,60,+
chr13,78350108,78369647,3a540a2e-ff95-4371-ad7c-a134d24b7431,60,-
chr13,78715958,78738909,3500fbf9-6f6d-421c-9b96-afc656a18815,60,+
chr13,90966544,90966875,55bd3ef8-95fe-4fb3-8ef4-4f4765c9b5fb,1,-
chr13,90966544,90966857,c5eddecf-430e-4166-a136-593527e0c0b8,0,-
chr13,90966544,90966870,c5eddecf-430e-4166-a136-593527e0c0b8,1,-
chr13,90966544,90966875,7aa5e561-2b9a-4c7e-8378-8d0565e77bda,0,-
chr13,90966562,90966851,21044c59-9391-43d1-a2c7-3fa31aeb617b,1,-
chr13,91142138,91144336,138e6c8f-5651-4007-80bf-36d8045cc9ae,60,-
chr13,91544319,91544794,d0330b92-0aa3-477b-9781-91980c243385,48,+
chr13,113555555,113555757,467bce12-26e4-436b-8d42-d7a3684277ee,1,+
chr14,22098949,22099240,9a15f684-0c5e-43d3-adc0-2721e0b3f710,20,-
chr14,25096751,25115119,45d6bd38-4a99-4d00-adc4-43712f17d057,60,+
chr14,25370167,25434070,a6cd5e44-4c7d-4ab6-a776-eb27d91a5976,60,-
chr14,34367356,34367528,9dc517f5-e3af-497a-9744-a3a911192beb,0,+
chr14,44815743,44822131,7e74838a-ebca-46e8-8451-61cbdbca5f84,60,+
chr14,73837286,73837611,f49ad898-2653-4d69-9e8b-44236cc8cb76,60,+
chr14,74492263,74526852,3fbf0416-28ba-4530-ad8e-c28348dfcf3f,60,+
chr14,77412893,77413167,001c2298-aff0-4c76-91ac-c5df7b0abe8d,59,+
chr14,78248575,78249154,43cc7802-086b-495f-adb5-deeb773f881a,60,+
chr14,80039912,80065433,7af2692d-2ab2-471d-8bcd-a290b21cc157,60,-
chr14,82173011,82173329,00c84cee-dd78-47ab-9e59-b5e0a44ba390,0,+
chr14,88237568,88237829,8c0f3784-4d21-4bd4-a2fe-a3d154cafb5f,0,-
chr14,90598827,90599951,b47b0fa0-4741-48ff-82ad-3cc8d3523846,60,+
chr14,90703907,90704072,8e8838ff-08a0-4dbe-af19-70c877431285,0,+
chr14,95090581,95093982,e86b9c89-880b-4442-a08c-92b40cc5c561,60,-
chr14,96483529,96483734,77fee64f-430e-425e-a3c8-9395974e36a3,15,+
chr14,96856370,96883943,cf14aec0-aeac-4d3f-b6dc-6557dc57f49c,60,+
chr14,98357864,98358151,a180eae7-85e7-4500-ab43-acc305d64cf5,60,+
chr14,101202708,101226903,40b19593-4efa-42fc-9b32-d627d8149b00,60,+
chr14,102866885,102867089,71323618-a424-4c6b-bb2a-71595aa6724b,60,+
chr15,20112234,20112494,1b7ca1d6-7f21-4b6d-9d80-d354a77c7a96,0,+
chr15,20446990,20447549,036c4c51-da6b-42db-98b2-253ed70ccc76,1,+
chr15,29935119,29935550,6c9f0fa8-2e29-4874-a08b-3a33da8c2800,23,+
chr15,31472614,31473157,9239f65b-1fbf-48d3-988f-4d649ec54e8d,60,-
chr15,38155944,38156561,f0179e17-1dcd-401b-8e02-50459c261ec2,60,-
chr15,41301348,41301671,e6a7c1ec-e47c-4938-b41d-051583742216,22,-
chr15,44872914,44873444,f3e8e4b9-ba8b-43fa-8c73-8ef178cee26e,60,+
chr15,51940869,51941151,00c84cee-dd78-47ab-9e59-b5e0a44ba390,0,-
chr15,55132863,55148878,73f74961-fc11-403c-8cde-f92d9d7115fe,60,-
chr15,56037521,56038134,67d81a7a-556f-40d4-8e1d-8ba3eb35507b,60,+
chr15,56515307,56515842,276f3e13-bdfb-4d28-aaf5-b9b5e4a4c860,60,-
chr15,62637097,62637881,92ba0a80-3939-42ee-a9ed-60f04593e771,60,-
chr15,62813693,62814226,8b04b672-1a19-424f-89ec-277c640c62e4,0,+
chr15,64071563,64072098,e70926b5-e4ff-430b-b576-99980fee9b52,60,-
chr15,65245086,65245892,68c750f8-d38b-407b-a15f-07d60fa57431,1,-
chr15,65245772,65246592,68c750f8-d38b-407b-a15f-07d60fa57431,0,-
chr15,70910612,70911902,3a5195d1-3498-403e-ae9b-60cbb7bce0be,60,-
chr15,72780110,72780422,bee3e09a-5f6a-434b-8aa1-45863f20d579,1,-
chr15,76390340,76405151,7bb248e3-6377-4502-a11e-057c41571f6f,60,-
chr15,80150508,80168049,b2d1377d-f168-4702-b8f9-d7f228ef7e5a,60,+
chr15,82069624,82069981,e576c255-0f20-4758-81fd-78fe265d300f,3,-
chr15,82343555,82343948,84951eae-f3b3-4cf1-8d79-0fed74561961,60,-
chr15,84021813,84028777,06fe34b1-3f84-4520-82d8-3a49a56da7db,60,-
chr15,89586772,89587005,c36f8856-37ff-4dca-aa0e-c7413baa7836,1,+
chr15,91911307,91911548,181e32ab-1577-41f6-aeb3-b84c583e8f8e,54,+
chr15,92458109,92458826,50d9c43d-9cfe-4411-910f-3d8387ee859b,60,+
chr15,95733046,95733662,850ece67-74c3-4aea-b8ba-68cdb29cf0af,60,-
chr15,96940416,96940836,f4b0a682-dd2b-4554-ae2c-70a8bf253ddf,26,-
chr15,99544323,99545189,b4b1d5d6-9a5e-4afc-956e-7beebbc8ba7e,60,-
chr15,99724043,99725781,603c150c-2fe1-47a7-a275-ab6ddcfffb88,60,-
chr16,1429051,1463251,e6894f5e-5397-454a-b20b-504d98581b66,60,-
chr16,6599112,6599586,93eed536-4976-482a-bed7-5e2f9267129a,0,+
chr16,7903241,7910838,51ea1463-d640-4f32-b7ea-fc9d5a417585,60,-
chr16,8822618,8822870,0a8e275e-8572-496d-a281-268a92494ea7,3,+
chr16,10017240,10027699,3b33ab32-ae93-4766-b495-2f84c3283995,60,-
chr16,12110257,12120464,111aa337-a92f-405d-b236-4d108c214fb1,60,+
chr16,15595741,15595985,608c7174-149b-406c-b7c9-a902400c9e7e,33,+
chr16,22410721,22411333,3cc16d7d-65f9-4681-9a8b-b3542f111a6e,43,+
chr16,26219428,26226028,76378a7f-ccb7-4a96-8644-de584f642783,60,+
chr16,28297881,28298140,559327ed-e990-47ff-8ee8-80696d8475dc,18,+
chr16,32813696,32813956,1b7ca1d6-7f21-4b6d-9d80-d354a77c7a96,0,-
chr16,33079404,33079664,1b7ca1d6-7f21-4b6d-9d80-d354a77c7a96,0,+
chr16,33419959,33420440,5c104a4d-ac82-4d83-9edf-8797c6b944ed,26,-
chr16,33580522,33580782,1b7ca1d6-7f21-4b6d-9d80-d354a77c7a96,1,+
chr16,33962492,33966425,8c0f3784-4d21-4bd4-a2fe-a3d154cafb5f,60,+
chr16,35264307,35280735,acce2bed-2e2b-4b52-97dc-b5cfd70dc3e0,0,-
chr16,35264333,35276587,acce2bed-2e2b-4b52-97dc-b5cfd70dc3e0,0,-
chr16,54366222,54392619,82fe4432-f407-4330-9e8f-80d5ba215a0f,60,+
chr16,55872919,55873678,ce4250b4-77e9-473f-a0ff-7bd82025de6d,15,+
chr16,63154200,63155333,a7249336-41b6-4f7a-9bb6-a4ac7565a70d,60,-
chr16,73112808,73113196,83a9c02f-0a8a-4872-998c-01cd43a92399,60,+
chr16,77757818,77758218,58475a23-598c-4f4e-a28c-74710dbe4cd6,20,-
chr16,90272096,90272795,a6477f9e-ea25-4771-b2af-f1c1684563e4,0,+
chr17,1241897,1242629,a0363c5b-8280-43e8-b940-14e2de04228e,60,-
chr17,4681583,4682273,7c8d6665-cafd-4397-bad7-a12b756b1fd8,60,-
chr17,14669475,14674721,b0e4d898-1061-434f-844a-9deca167f8f5,60,-
chr17,15784231,15784538,5fbe694c-8d22-4ed4-bc2d-bfdc5a979035,58,-
chr17,19890022,19940724,bb71abda-d8f6-43ca-96e9-d44e8fe9865f,60,+
chr17,21013998,21014497,006b9297-cb28-4832-8d8a-bc3d4d987cdb,60,-
chr17,21485704,21486009,faafeb44-b586-40a0-b5db-64ff6411410e,1,+
chr17,21840392,21886998,8987c5d1-3450-40d1-843a-04eefaf8079f,60,+
chr17,22243330,22256874,c857fd10-b00d-46a6-bb57-3c39cf5d7cba,0,-
chr17,22245762,22259252,c857fd10-b00d-46a6-bb57-3c39cf5d7cba,0,-
chr17,22247133,22259761,7419b1b6-547c-4a4e-b03e-6ee0e08e639b,1,-
chr17,22248304,22261631,c857fd10-b00d-46a6-bb57-3c39cf5d7cba,16,-
chr17,22249512,22262138,7419b1b6-547c-4a4e-b03e-6ee0e08e639b,0,-
chr17,22250680,22263006,c857fd10-b00d-46a6-bb57-3c39cf5d7cba,0,-
chr17,25267151,25267686,94d9d7b0-21f2-4f86-8a7c-f7ca286d4955,1,-
chr17,28397910,28398308,6d56977d-a0bc-4f8f-a33a-f28487be5f5b,53,+
chr17,29919868,29920396,0e203564-d3e7-4fd9-a471-8ae5eef7d044,60,+
chr17,36828992,36852044,4bdd09aa-fb5c-4730-9fc1-c195975b04cb,60,-
chr17,37218826,37219386,2e84a246-fb61-4820-8663-e9c9ac779c63,30,+
chr17,41233846,41245018,dc5c2d27-545b-44e6-9295-5d177ae3e885,60,-
chr17,44801955,44823450,402ac792-25e9-470c-b9c7-e6b3cc830a97,60,+
chr17,47510564,47511570,824b59bb-88cb-41a8-8e0a-78d7e1dd5a09,60,-
chr17,52748257,52748918,aedfa128-8c89-4651-a195-31c7bf130ec7,60,+
chr17,62269935,62273616,4ad1f7d3-43c2-4232-bfa8-799a8fe955f3,60,+
chr17,63649242,63649930,8f35d10f-1a5e-4699-ae3f-be93434bbb71,60,-
chr17,65326716,65327518,4385a012-228f-4895-9764-23dbc2c09f2e,60,+
chr17,65950403,65950938,5e8d54d6-e556-498c-a623-da7520dd39c2,60,+
chr17,72774411,72774504,62b561ca-cc02-48bd-8500-9670573ce4c1,19,-
chr17,75068148,75068309,c36f8856-37ff-4dca-aa0e-c7413baa7836,1,-
chr17,76588098,76588347,0085e1f8-f606-458c-8c1d-cf5b3d8bc4e5,60,+
chr17,76662609,76696113,661db81a-8c91-4c80-91d0-43f8fa1922d1,60,-
chr17,80426032,80426808,519377ce-5033-4856-aa48-ad06984006c7,60,-
chr18,220968,221790,d87b5600-72b0-4fb4-97c1-22c7b7a5b6e0,60,+
chr18,795486,796048,412af098-bacd-4f2f-a9ab-346de4c39d3f,60,+
chr18,3233054,3234188,c1561864-aee4-4ec3-83d7-adc3facf0fdc,60,-
chr18,4012181,4013954,2e631dcb-0406-4893-bc97-dd85a608339d,60,+
chr18,11841572,11842216,acc3fe72-5d80-4c27-b5cc-1d5eebb13ca2,58,+
chr18,18517178,18517723,d3a2ca0a-640b-4cae-93ff-4d65b84bd985,0,-
chr18,18517247,18518002,7f10c75f-1f8e-4a21-b91d-d6d7e8bb7c68,43,-
chr18,18518370,18518917,d3a2ca0a-640b-4cae-93ff-4d65b84bd985,1,+
chr18,19162458,19162910,2cf3cae7-42d0-45a8-933d-001947364008,60,-
chr18,19426758,19432761,9f76f101-ad1f-4d10-bf9e-48a236bb6a3c,60,-
chr18,25744348,25745151,57799d0b-2a8e-41cc-8549-2fb4e7ad1075,60,+
chr18,45501144,45501592,a9b71489-2f93-457e-9301-61cc8ee39077,57,+
chr18,47978691,47985760,51e75730-872f-4d24-8858-e354fb431520,60,+
chr18,51099885,51100351,db1b6792-de36-423d-878e-eb7d381ab07e,60,+
chr18,70134535,70136142,13ab9372-207c-4e20-9bca-c5bab1851722,60,-
chr18,74320345,74357803,5ad5aa25-54e6-4d91-863d-5de5ace2bf9c,60,+
chr19,88804,125463,47e99309-dde0-4bf9-ad30-66a55084d838,40,-
chr19,5439291,5439936,1c03e9a3-0883-47a6-bf0d-4a3aef385425,60,+
chr19,6663267,6663527,35898e19-5eb0-4562-9dae-d502d508a6a5,1,+
chr19,6717419,6717973,7aa5e561-2b9a-4c7e-8378-8d0565e77bda,0,+
chr19,7161044,7161329,64755f86-dea4-47c1-bc3a-c7f2d07be07b,60,-
chr19,8375254,8390112,ef8dbf17-ccb8-4a9d-977b-3a4bf5a5b3e8,60,+
chr19,8578854,8599644,a40ee369-fa97-4c05-81d0-02057b6134e1,60,-
chr19,11301693,11314430,d2726420-9de7-4ec6-b3c4-db631e2946ba,60,+
chr19,17768146,17790411,39d6a406-17a7-47c8-8648-e8bfcbe7525d,60,+
chr19,18815491,18816176,46bc0d51-8898-4223-a6f8-ba1b4b65b788,60,+
chr19,20736079,20740529,4163af27-fc1e-4368-bca5-83927de0de4f,60,+
chr19,21774749,21779983,a5a7cf64-e2e4-48b1-9f79-4ef055316743,60,+
chr19,23648203,23648710,93eed536-4976-482a-bed7-5e2f9267129a,0,-
chr19,24183571,24186011,8c0f3784-4d21-4bd4-a2fe-a3d154cafb5f,22,-
chr19,27731782,27741537,a0668844-046e-44e4-be20-b643539b2446,0,+
chr19,27731782,27740641,27af3049-0ddf-4d29-9569-d8119cd4017f,34,+
chr19,27731784,27735416,f34b1418-2646-4eb8-80d2-8db8678be2f5,3,+
chr19,27731788,27732760,30c482da-8eef-4545-9042-58493c0a8632,0,+
chr19,27731792,27732306,5a4d5ee2-d393-44e4-9c55-0fd0740a3cf7,0,+
chr19,27731793,27732955,3c4abb5e-bd33-489c-a4aa-453f3c0762e6,60,-
chr19,27731811,27739694,27af3049-0ddf-4d29-9569-d8119cd4017f,0,+
chr19,27731917,27733097,30c482da-8eef-4545-9042-58493c0a8632,0,+
chr19,27732102,27732634,5a4d5ee2-d393-44e4-9c55-0fd0740a3cf7,0,+
chr19,27732576,27732755,50ab1c83-5034-4a41-aa90-982518759432,0,-
chr19,27732712,27741723,27af3049-0ddf-4d29-9569-d8119cd4017f,0,+
chr19,27733787,27734334,5a4d5ee2-d393-44e4-9c55-0fd0740a3cf7,0,+
chr19,27733792,27734123,b82e8704-4e90-407f-ab07-147fdec8d15a,0,+
chr19,27733840,27734118,fe5e3d29-3a27-4c68-8e30-c44bb636265b,0,+
chr19,27733911,27734118,50ab1c83-5034-4a41-aa90-982518759432,0,-
chr19,27735551,27735696,fe5e3d29-3a27-4c68-8e30-c44bb636265b,0,+
chr19,27736202,27737116,edc8cf82-5068-4b14-8a99-f365ccdc03a1,0,+
chr19,27737314,27737517,50ab1c83-5034-4a41-aa90-982518759432,0,-
chr19,27737590,27737734,fe5e3d29-3a27-4c68-8e30-c44bb636265b,0,+
chr19,27738025,27739218,30c482da-8eef-4545-9042-58493c0a8632,0,+
chr19,27738431,27738874,39ad1459-2c7f-4ede-b6ed-f0800c98807a,7,-
chr19,27738549,27738881,b82e8704-4e90-407f-ab07-147fdec8d15a,0,+
chr19,34445002,34445179,78925f1d-91b3-4608-acbe-c5a992736f09,16,-
chr19,35331784,35332001,11b018f0-fe86-4abe-b000-58f1ace1a621,5,-
chr19,41276660,41276916,31173846-56d2-43fe-a380-de4d02c5fe56,14,+
chr19,42454274,42455927,8c39fdf3-c30d-45ba-a64e-efb0929e9fe6,60,+
chr19,44313672,44314523,ac70a78c-4ab3-40e8-9cb0-6d3ab493dc37,47,+
chr19,48986362,48986517,71f33e54-3bb4-4c8f-a9d3-4fa298399bdc,0,+
chr19,48986473,48986626,71f33e54-3bb4-4c8f-a9d3-4fa298399bdc,0,+
chr19,49047577,49047712,71f33e54-3bb4-4c8f-a9d3-4fa298399bdc,0,+
chr19,49047594,49047749,71f33e54-3bb4-4c8f-a9d3-4fa298399bdc,0,+
chr19,49816790,49816990,4738ed35-db2b-457c-a9aa-c4cbc9305b4e,1,+
chr19,50216465,50216611,71f33e54-3bb4-4c8f-a9d3-4fa298399bdc,0,+
chr19,51132854,51133004,71f33e54-3bb4-4c8f-a9d3-4fa298399bdc,0,+
chr19,52785140,52785362,b3a5b762-7a57-4e44-8889-370b35853222,28,-
chr19,53296530,53296945,29ad9bdb-3c08-44e9-b59a-d9b62cd632ea,60,-
chr20,2543468,2543702,bbf05662-c7f0-4a96-be45-972a9d149703,60,+
chr20,5958690,5982210,83dc70a8-46c2-49d6-a2d4-1ee893d1dbc2,60,-
chr20,9562387,9562731,83059a06-766e-48aa-a560-33c513b00ce0,60,-
chr20,10565530,10566276,a975a0b7-cdfd-4dc9-8b91-aa7f31104898,60,-
chr20,24110841,24111430,8b04b672-1a19-424f-89ec-277c640c62e4,0,+
chr20,26188630,26190511,8c0f3784-4d21-4bd4-a2fe-a3d154cafb5f,57,-
chr20,35120141,35120436,edbf529f-9d43-434b-9519-4ddf96be6708,60,-
chr20,41935614,41970486,0bec6e6d-a3b3-4a86-b6c0-dd3ee9070f2c,60,-
chr20,43598270,43599276,34c46a88-e134-4976-bc06-6ae91388eae7,60,+
chr20,43751159,43767593,957d5523-d4c7-42bc-9850-d430f10fba06,60,+
chr20,44916072,44961610,73b709f2-d881-4611-848b-f98b95cc36b0,60,-
chr20,45405654,45411375,66f81a13-23b0-41c2-abb3-a05b371114e8,60,+
chr20,45411668,45411861,70ace2fc-9dc0-4348-8dbb-a771e3683154,1,+
chr20,49355084,49372688,362bac10-9c79-4730-bb53-decd2e5e4382,60,-
chr20,49967672,49968015,e7a776cc-ee9c-4aa9-b10a-a7de6ea40e83,45,-
chr20,51306587,51306794,3439d75e-9bbb-4074-8648-659112bf2b95,9,-
chr20,53100245,53100469,c079279f-aadb-47a3-9f42-7833d4a4dd5a,58,+
chr20,55240326,55263448,bcd2b32c-c5e7-491c-9f98-4b09ed0156bd,60,-
chr20,55263465,55271738,5b0b62e8-a7b9-438c-a89f-233418142786,60,-
chr21,9825437,9827582,8c0f3784-4d21-4bd4-a2fe-a3d154cafb5f,60,+
chr21,9927532,9927788,ea84da85-228d-4dc0-b37e-14580fa148d3,0,-
chr21,11186049,11187431,0ae12bb1-a9e3-4cab-a1a4-e142f7ee9285,0,+
chr21,22576420,22576799,bf27015d-810f-40b0-9b08-2777d6e11cd7,60,+
chr21,29305994,29319924,cc851f2e-7323-4057-b13b-869620f24916,60,+
chr21,34623106,34624104,eee96013-a84a-44c0-a210-d9e7f26fe6b9,60,-
chr21,37652506,37653058,7436119c-763c-4dd7-ae05-5ec3e0ff25ea,60,-
chr21,41327351,41331111,8eee8a43-1f0e-462c-ba58-5df91da17409,60,-
chr21,45522816,45522966,91bb313b-20d4-403c-bd26-be9fece3e272,60,-
chr21,47055066,47056707,7d4afd01-29b2-4eb3-bd3f-150addd27601,1,+
chr21,47055067,47056678,2fffa978-3807-4718-9e64-12a7e6fdc04c,1,+
chr21,47055688,47056448,a120c011-643d-49d6-8272-00bff3abc416,2,+
chr22,18685576,18689922,0ae12bb1-a9e3-4cab-a1a4-e142f7ee9285,0,-
chr22,18880873,18884503,0ae12bb1-a9e3-4cab-a1a4-e142f7ee9285,0,-
chr22,18883115,18884503,0ae12bb1-a9e3-4cab-a1a4-e142f7ee9285,56,-
chr22,20687896,20692174,0ae12bb1-a9e3-4cab-a1a4-e142f7ee9285,2,+
chr22,21215474,21215856,1f733f2a-16bd-4371-a0f1-1147a02acedd,21,-
chr22,22497738,22498861,68eb124e-f3f4-46f3-8b22-91b7ffe3d47b,60,-
chr22,22882956,22883309,70874a1d-8ac6-41a6-a586-f7e92ea4969e,60,-
chr22,28506894,28507275,535fb634-b0ec-456f-9514-a2a7af928f48,30,+
chr22,36250218,36250480,cf0cf590-6107-4cc3-b686-d5d3f880a6db,60,+
chr22,46121539,46123316,5cdc78c2-3c65-4e69-b7fb-531dd480e79b,60,-
chr22,48322507,48323315,f50a18cd-3602-4922-b743-64ea33b31d5f,38,+
chr22,51128789,51129105,7c7a06a3-2e19-4cb0-a997-71faab3dc873,60,+
chrX,474832,485374,8a14aa36-5cd4-47c6-8e20-2d623172000c,0,-
chrX,689167,696755,2b787358-2f63-4cce-b105-3382ac98f10d,0,+
chrX,689857,690473,2b787358-2f63-4cce-b105-3382ac98f10d,0,+
chrX,11689823,11711026,66d77b2a-8d9d-468b-90ef-cd9aba7186a3,60,+
chrX,18348429,18349087,8cbb2e08-f1f0-4ee9-b058-3e51cb07892f,60,+
chrX,19708219,19713986,ff4c1e88-3b4f-47cc-9883-07a94f689543,60,-
chrX,30808597,30809462,b23f1ef0-779d-4390-bf71-4787095afa22,0,+
chrX,30808661,30809226,b3e8b6c2-e724-4fbc-b07e-bddeae1f0872,0,+
chrX,30813395,30814330,b23f1ef0-779d-4390-bf71-4787095afa22,52,+
chrX,30813573,30814164,b3e8b6c2-e724-4fbc-b07e-bddeae1f0872,1,+
chrX,30813742,30814299,b3e8b6c2-e724-4fbc-b07e-bddeae1f0872,0,+
chrX,30814998,30815565,b3e8b6c2-e724-4fbc-b07e-bddeae1f0872,0,+
chrX,30815074,30815642,b3e8b6c2-e724-4fbc-b07e-bddeae1f0872,0,+
chrX,30816544,30817421,b23f1ef0-779d-4390-bf71-4787095afa22,0,+
chrX,30816609,30816726,6028b457-1531-4b6d-b7b5-e086599cdbfe,1,+
chrX,30816646,30817205,b3e8b6c2-e724-4fbc-b07e-bddeae1f0872,0,+
chrX,41512332,41514625,876aa2a1-27e3-4e83-845a-21ef65494f93,60,+
chrX,47752385,47753131,e7c97426-79fa-4027-9193-9c14357d0d86,60,-
chrX,56092065,56135933,af2a268c-8f5d-45dd-8ea4-63cea52daef2,60,+
chrX,61881870,61882381,3380740d-6de1-4829-8f31-170402dd4e4b,60,+
chrX,67872541,67873660,2fffa978-3807-4718-9e64-12a7e6fdc04c,0,-
chrX,75804733,75805392,a7d761ae-a78c-49ec-98c1-125818655567,60,-
chrX,76892364,76892572,75f8cc4a-431f-4f51-8de9-021e9db5ec6f,0,+
chrX,77488201,77501208,a99d842d-685d-4b38-a980-b960c3875d5a,60,+
chrX,79041566,79056618,60e756f7-d648-46ac-b3da-decd56986c4d,60,-
chrX,98438780,98440000,9054830e-056c-4311-a94f-1bac5a1966bb,60,+
chrX,108526700,108527214,2343e987-6c53-4643-8b54-cca90d64151b,60,-
chrX,110293010,110297188,8be3e199-c042-4249-8a82-4fbc272a2775,60,+
chrX,122876933,122878401,53557284-6726-44d2-b6a7-d05265ff3720,60,+
chrX,130332731,130332994,bffda3dc-c669-4764-8a7b-12d621c8ee1a,60,+
chrX,132861467,132861752,6ab0cd9d-6331-4604-9f0d-8b07fca70548,23,+
chrX,139091526,139095972,ee443408-20b8-474d-8114-55d0096be535,0,+
chrX,139278612,139286492,101cbdcb-c068-43bf-90a6-8354595556ce,60,-
chrX,139301938,139307439,ee443408-20b8-474d-8114-55d0096be535,20,-
chrX,140235277,140235862,446de23b-1584-49a4-8ede-7d8554076a10,60,+
chrX,140513886,140527728,d9a62ec9-59c8-4768-adaf-12795283f13e,60,-
chrX,153316510,153316635,d115a594-a36e-4431-a622-3c30aeea7f5e,21,+
chrX,153810056,153810481,5525d629-9094-4542-b266-ab388ea415b1,0,+
chrX,153850458,153850883,5525d629-9094-4542-b266-ab388ea415b1,0,-
chrX,155171578,155176234,26a374d9-500b-4b43-8cdc-c68168d1940d,0,+
chrY,424832,435374,8a14aa36-5cd4-47c6-8e20-2d623172000c,0,-
chrY,639167,646755,2b787358-2f63-4cce-b105-3382ac98f10d,0,+
chrY,639857,640473,2b787358-2f63-4cce-b105-3382ac98f10d,0,+
chrY,13203569,13204469,8b04b672-1a19-424f-89ec-277c640c62e4,2,-
chrY,13460825,13468734,7a067a6b-5f4e-4a81-a166-d54ec29db8fa,60,-
chrY,13468796,13476442,7a067a6b-5f4e-4a81-a166-d54ec29db8fa,0,-
chrY,13475453,13482904,7a067a6b-5f4e-4a81-a166-d54ec29db8fa,0,-
chrY,13659216,13659378,5f4ec070-4b52-4c2b-bf61-1eec6151b534,0,-
chrY,13859889,13860133,5f4ec070-4b52-4c2b-bf61-1eec6151b534,21,-
chrY,21441928,21473858,be14fc6d-e807-4b0f-a6d6-edfc98e6b817,60,-
chrY,58819401,58834506,84d57b40-dbac-48bb-b0fa-e0cae294041a,0,+
chrY,58821022,58822971,ae3711db-51ae-47de-823e-0b3ff7c32af3,60,+
chrY,58822026,58832632,3244fae5-e4ba-42bb-a142-c6e04a02e64d,0,+
chrY,58822426,58838070,84d57b40-dbac-48bb-b0fa-e0cae294041a,0,+
chrY,58824195,58837960,ae3711db-51ae-47de-823e-0b3ff7c32af3,0,+
chrY,58825584,58836181,3244fae5-e4ba-42bb-a142-c6e04a02e64d,0,+
chrY,58845495,58859300,ae3711db-51ae-47de-823e-0b3ff7c32af3,0,+
chrY,58846899,58857511,3244fae5-e4ba-42bb-a142-c6e04a02e64d,0,+
chrY,58847299,58862992,84d57b40-dbac-48bb-b0fa-e0cae294041a,0,+
chrY,58854057,58864667,3244fae5-e4ba-42bb-a142-c6e04a02e64d,0,+
chrY,58859771,58873609,ae3711db-51ae-47de-823e-0b3ff7c32af3,1,+
chrY,58863353,58877183,ae3711db-51ae-47de-823e-0b3ff7c32af3,0,+
chrY,58864772,58875394,3244fae5-e4ba-42bb-a142-c6e04a02e64d,0,+
chrY,58870530,58884281,ae3711db-51ae-47de-823e-0b3ff7c32af3,0,+
chrY,58886556,58902256,84d57b40-dbac-48bb-b0fa-e0cae294041a,0,+
chrY,58890140,58905814,84d57b40-dbac-48bb-b0fa-e0cae294041a,1,+
chrY,58891900,58905720,ae3711db-51ae-47de-823e-0b3ff7c32af3,0,+
chrY,58893319,58903931,3244fae5-e4ba-42bb-a142-c6e04a02e64d,0,+
chrY,58897298,58912877,84d57b40-dbac-48bb-b0fa-e0cae294041a,0,+
chrY,59274584,59279240,26a374d9-500b-4b43-8cdc-c68168d1940d,0,+
